protocol,label,method,mean_margin,median_margin,std_margin,min_margin,max_margin,count_margin_lt_005,count_margin_lt_010,count_margin_ge_025,correct_mean_margin,wrong_mean_margin,wrong_count
P1,18_original_mixed_reference,front,0.25448278649286793,0.2671814560890198,0.13357712568234037,0.004826575517654419,0.4806237816810608,19,39,120,0.27440682916264786,0.1282971829175949,30
P1,18_original_mixed_reference,side,0.2037443467161872,0.19105759263038635,0.13585038616042244,0.004419863224029541,0.4736497402191162,34,64,78,0.22396521127156618,0.12050962517427843,43
P1,18_original_mixed_reference,average,0.21629369231787596,0.20077577233314514,0.12118938538917129,0.0033020079135894775,0.4610996246337892,17,46,84,0.22578367409367248,0.1350099353686623,23
P1,18_original_mixed_reference,adaptive,0.22386827132849185,0.21726621583600725,0.12036578562298526,0.0033540951115672013,0.461329447817148,14,44,90,0.23350750086912808,0.14130617482826008,23
P2,18_checkpoint_val_macro_f1,front,0.25448278649286793,0.2671814560890198,0.13357712568234037,0.004826575517654419,0.4806237816810608,19,39,120,0.27440682916264786,0.1282971829175949,30
P2,18_checkpoint_val_macro_f1,side,0.17688426185737957,0.15531092882156372,0.11081516775811352,0.002777099609375,0.428353190422058,33,62,63,0.19352823714751982,0.10837301473284877,43
P2,18_checkpoint_val_macro_f1,average,0.20331469990990378,0.1987837553024292,0.11286201262870982,0.001042187213897705,0.4390397369861604,26,46,81,0.21564601592181884,0.11130411120561454,26
P2,18_checkpoint_val_macro_f1,adaptive,0.21040346700899837,0.21167248942070577,0.1134177557118744,0.001217545051444724,0.4404244549334798,25,42,87,0.2231286093944202,0.11545432767162,26
P3,18_checkpoint_val_loss,front,0.2798511438071728,0.3039112091064453,0.13739059326047343,0.00189971923828125,0.4883573651313782,18,30,133,0.2988109414776166,0.14984110263841494,28
P3,18_checkpoint_val_loss,side,0.2037443467161872,0.19105759263038635,0.13585038616042244,0.004419863224029541,0.4736497402191162,34,64,78,0.22396521127156618,0.12050962517427843,43
P3,18_checkpoint_val_loss,average,0.22794048349288376,0.2189222276210785,0.12471798501940186,0.003197655081749018,0.46808943152427684,22,40,94,0.24470037908758968,0.11301548512918609,28
P3,18_checkpoint_val_loss,adaptive,0.2364448196132928,0.23807232716713683,0.12387087269626658,0.003247762504457019,0.46808945187721285,20,36,102,0.2536893695000704,0.11819647753253189,28
P4,18_checkpoint_val_macro_f1_and_earlystopping_val_macro,front,0.25448278649286793,0.2671814560890198,0.13357712568234037,0.004826575517654419,0.4806237816810608,19,39,120,0.27440682916264786,0.1282971829175949,30
P4,18_checkpoint_val_macro_f1_and_earlystopping_val_macro,side,0.17688426185737957,0.15531092882156372,0.11081516775811352,0.002777099609375,0.428353190422058,33,62,63,0.19352823714751982,0.10837301473284877,43
P4,18_checkpoint_val_macro_f1_and_earlystopping_val_macro,average,0.20331469990990378,0.1987837553024292,0.11286201262870982,0.001042187213897705,0.4390397369861604,26,46,81,0.21564601592181884,0.11130411120561454,26
P4,18_checkpoint_val_macro_f1_and_earlystopping_val_macro,adaptive,0.21040346700899837,0.21167248942070577,0.1134177557118744,0.001217545051444724,0.4404244549334798,25,42,87,0.2231286093944202,0.11545432767162,26
P5,18_checkpoint_val_loss_and_earlystopping_val_loss,front,0.30823085538365624,0.3443484902381897,0.13746686029321906,0.0023213326930999756,0.49458742141723644,8,25,146,0.3342222929316223,0.1497669296879922,31
P5,18_checkpoint_val_loss_and_earlystopping_val_loss,side,0.2037443467161872,0.19105759263038635,0.13585038616042244,0.004419863224029541,0.4736497402191162,34,64,78,0.22396521127156618,0.12050962517427843,43
P5,18_checkpoint_val_loss_and_earlystopping_val_loss,average,0.24128782159902834,0.23519070446491241,0.1261954862045238,0.0005964785814285278,0.47525015473365784,19,36,102,0.25931225072902936,0.11769173613616399,28
P5,18_checkpoint_val_loss_and_earlystopping_val_loss,adaptive,0.2513028887650437,0.25932840192281675,0.12519393867971235,0.0007030717889074944,0.475299407084084,16,32,117,0.26995349708520194,0.12341300314110157,28
