protocol,label,method,dTN,dFP,dFN,dTP
P1,18_original_mixed_reference,front,0,0,0,0
P1,18_original_mixed_reference,side,0,0,0,0
P1,18_original_mixed_reference,average,0,0,0,0
P1,18_original_mixed_reference,adaptive,0,0,0,0
P2,18_checkpoint_val_macro_f1,front,0,0,0,0
P2,18_checkpoint_val_macro_f1,side,-6,6,-6,6
P2,18_checkpoint_val_macro_f1,average,-5,5,-2,2
P2,18_checkpoint_val_macro_f1,adaptive,-5,5,-2,2
P3,18_checkpoint_val_loss,front,-1,1,-3,3
P3,18_checkpoint_val_loss,side,0,0,0,0
P3,18_checkpoint_val_loss,average,-3,3,2,-2
P3,18_checkpoint_val_loss,adaptive,-3,3,2,-2
P4,18_checkpoint_val_macro_f1_and_earlystopping_val_macro,front,0,0,0,0
P4,18_checkpoint_val_macro_f1_and_earlystopping_val_macro,side,-6,6,-6,6
P4,18_checkpoint_val_macro_f1_and_earlystopping_val_macro,average,-5,5,-2,2
P4,18_checkpoint_val_macro_f1_and_earlystopping_val_macro,adaptive,-5,5,-2,2
P5,18_checkpoint_val_loss_and_earlystopping_val_loss,front,-5,5,-4,4
P5,18_checkpoint_val_loss_and_earlystopping_val_loss,side,0,0,0,0
P5,18_checkpoint_val_loss_and_earlystopping_val_loss,average,-6,6,-1,1
P5,18_checkpoint_val_loss_and_earlystopping_val_loss,adaptive,-6,6,-1,1
