protocol,label,fusion,safe_precision,safe_recall,safe_f1,phone_precision,phone_recall,phone_f1,macro_f1
P1,18_original_mixed_reference,average,0.7575757575757576,0.625,0.684931506849315,0.9197860962566845,0.9555555555555556,0.9373297002724795,0.8111306035608973
P1,18_original_mixed_reference,adaptive,0.7575757575757576,0.625,0.684931506849315,0.9197860962566845,0.9555555555555556,0.9373297002724795,0.8111306035608973
P2,18_checkpoint_val_macro_f1,average,0.7692307692307693,0.5,0.6060606060606061,0.8969072164948454,0.9666666666666667,0.93048128342246,0.768270944741533
P2,18_checkpoint_val_macro_f1,adaptive,0.7692307692307693,0.5,0.6060606060606061,0.8969072164948454,0.9666666666666667,0.93048128342246,0.768270944741533
P3,18_checkpoint_val_loss,average,0.6875,0.55,0.6111111111111112,0.9042553191489362,0.9444444444444444,0.9239130434782609,0.767512077294686
P3,18_checkpoint_val_loss,adaptive,0.6875,0.55,0.6111111111111112,0.9042553191489362,0.9444444444444444,0.9239130434782609,0.767512077294686
P4,18_checkpoint_val_macro_f1_and_earlystopping_val_macro,average,0.7692307692307693,0.5,0.6060606060606061,0.8969072164948454,0.9666666666666667,0.93048128342246,0.768270944741533
P4,18_checkpoint_val_macro_f1_and_earlystopping_val_macro,adaptive,0.7692307692307693,0.5,0.6060606060606061,0.8969072164948454,0.9666666666666667,0.93048128342246,0.768270944741533
P5,18_checkpoint_val_loss_and_earlystopping_val_loss,average,0.7307692307692307,0.475,0.5757575757575758,0.8917525773195877,0.9611111111111111,0.9251336898395722,0.750445632798574
P5,18_checkpoint_val_loss_and_earlystopping_val_loss,adaptive,0.7307692307692307,0.475,0.5757575757575758,0.8917525773195877,0.9611111111111111,0.9251336898395722,0.750445632798574
