protocol,label,fusion,front_wrong_fusion_correct,front_correct_fusion_wrong,front_wrong_fusion_wrong,front_correct_fusion_correct,front_rescue_rate,front_break_rate,side_wrong_fusion_correct,side_correct_fusion_wrong,side_rescue_rate,side_break_rate
P1,18_original_mixed_reference,average,13,6,17,184,0.43333333333333335,0.031578947368421054,20,0,0.46511627906976744,0.0
P1,18_original_mixed_reference,adaptive,13,6,17,184,0.43333333333333335,0.031578947368421054,20,0,0.46511627906976744,0.0
P2,18_checkpoint_val_macro_f1,average,10,6,20,184,0.3333333333333333,0.031578947368421054,21,4,0.4883720930232558,0.022598870056497175
P2,18_checkpoint_val_macro_f1,adaptive,10,6,20,184,0.3333333333333333,0.031578947368421054,21,4,0.4883720930232558,0.022598870056497175
P3,18_checkpoint_val_loss,average,8,8,20,184,0.2857142857142857,0.041666666666666664,18,3,0.4186046511627907,0.01694915254237288
P3,18_checkpoint_val_loss,adaptive,8,8,20,184,0.2857142857142857,0.041666666666666664,18,3,0.4186046511627907,0.01694915254237288
P4,18_checkpoint_val_macro_f1_and_earlystopping_val_macro,average,10,6,20,184,0.3333333333333333,0.031578947368421054,21,4,0.4883720930232558,0.022598870056497175
P4,18_checkpoint_val_macro_f1_and_earlystopping_val_macro,adaptive,10,6,20,184,0.3333333333333333,0.031578947368421054,21,4,0.4883720930232558,0.022598870056497175
P5,18_checkpoint_val_loss_and_earlystopping_val_loss,average,10,7,21,182,0.3225806451612903,0.037037037037037035,19,4,0.4418604651162791,0.022598870056497175
P5,18_checkpoint_val_loss_and_earlystopping_val_loss,adaptive,10,7,21,182,0.3225806451612903,0.037037037037037035,19,4,0.4418604651162791,0.022598870056497175
