protocol,method,mean_signed_delta,mean_abs_delta,median_abs_delta,std_delta,min_delta,max_delta,p90_abs_delta,changed_count,threshold_crossing_count,safe_mean_delta,safe_mean_abs_delta,safe_crossing_count,phone_mean_delta,phone_mean_abs_delta,phone_crossing_count
P2,front,0.0,0.0,0.0,0.0,0.0,0.0,0.0,0,0,0.0,0.0,0,0.0,0.0,0
P2,side,-0.00500678365880793,0.04808176484974948,0.0468924343585968,0.056320611064991546,-0.12914639711380005,0.11884665489196783,0.08802964389324187,220,12,0.04704972207546234,0.0618362545967102,6,-0.016574896044201322,0.04502521157264709,6
P2,average,-0.002503391829403963,0.024040882424874743,0.0234462171792984,0.028160305532495777,-0.06457319855690002,0.05942332744598389,0.044014821946620944,220,7,0.02352486103773118,0.030918127298355115,5,-0.008287448022100661,0.022512605786323546,2
P2,adaptive,-0.002576045834596939,0.023670544063516378,0.022864190330882966,0.02821693032095136,-0.07263586844271219,0.06306017201667741,0.04590342313949761,220,7,0.02373834829376899,0.032583274953325365,5,-0.008423688974233812,0.021689937199114384,2
P3,front,0.016027715463529938,0.03576991483569146,0.02912577986717224,0.04160140689859204,-0.1086354255676269,0.11580544710159302,0.07162612676620483,220,8,-0.017020880430936813,0.04253467693924905,3,0.02337184788452255,0.03426663436823422,5
P3,side,0.0,0.0,0.0,0.0,0.0,0.0,0.0,0,0,0.0,0.0,0,0.0,0.0,0
P3,average,0.008013857731764967,0.017884957417845727,0.01456288993358612,0.02080070344929602,-0.05431771278381342,0.05790272355079651,0.03581306338310242,220,5,-0.008510440215468396,0.02126733846962452,3,0.011685923942261266,0.017133317184117102,2
P3,adaptive,0.008739071078532664,0.019104835597301018,0.015888625177074123,0.02189013651273442,-0.06371535914030457,0.05554578498462026,0.04020818068095103,220,5,-0.009066578570714993,0.02217374752981906,3,0.01269588211169881,0.018422855167852567,2
P4,front,0.0,0.0,0.0,0.0,0.0,0.0,0.0,0,0,0.0,0.0,0,0.0,0.0,0
P4,side,-0.00500678365880793,0.04808176484974948,0.0468924343585968,0.056320611064991546,-0.12914639711380005,0.11884665489196783,0.08802964389324187,220,12,0.04704972207546234,0.0618362545967102,6,-0.016574896044201322,0.04502521157264709,6
P4,average,-0.002503391829403963,0.024040882424874743,0.0234462171792984,0.028160305532495777,-0.06457319855690002,0.05942332744598389,0.044014821946620944,220,7,0.02352486103773118,0.030918127298355115,5,-0.008287448022100661,0.022512605786323546,2
P4,adaptive,-0.002576045834596939,0.023670544063516378,0.022864190330882966,0.02821693032095136,-0.07263586844271219,0.06306017201667741,0.04590342313949761,220,7,0.02373834829376899,0.032583274953325365,5,-0.008423688974233812,0.021689937199114384,2
P5,front,0.04873813675208525,0.06245527253909545,0.05664259195327753,0.0544527439703546,-0.14787989854812628,0.17035651206970215,0.11539601385593413,220,13,0.006069169938564307,0.06610166281461716,7,0.05822012937731213,0.06164496358897951,6
P5,side,0.0,0.0,0.0,0.0,0.0,0.0,0.0,0,0,0.0,0.0,0,0.0,0.0,0
P5,average,0.02436906837604262,0.031227636269547714,0.028321295976638794,0.027226371985177304,-0.07393994927406311,0.08517825603485107,0.05769800692796707,220,7,0.003034584969282159,0.03305083140730858,6,0.029110064688656054,0.03082248179448975,1
P5,adaptive,0.026781761752511513,0.03389219284549076,0.030682988530633587,0.02909527914429193,-0.0832282877106505,0.09319863770960851,0.06211089116096264,220,7,0.003342698541410646,0.03458729360468554,6,0.03199044246608948,0.033737726010114155,1
