protocol,label,method,accuracy,precision_macro,recall_macro,f1_macro,precision_safe,recall_safe,f1_safe,precision_phone,recall_phone,f1_phone,confusion_matrix,roc_auc,pr_auc,ece_binary,brier_score,support
P1,18_original_mixed_reference,front,0.8636363636363636,0.7718334297281666,0.7611111111111111,0.76625584360391,0.631578947368421,0.6,0.6153846153846154,0.9120879120879121,0.9222222222222223,0.9171270718232044,"[[24, 16], [14, 166]]",0.8801388888888889,0.9707477265978087,0.12512879737398844,0.11311169142957014,220
P1,18_original_mixed_reference,side,0.8045454545454546,0.6730480991960758,0.6763888888888889,0.6746793218473812,0.4634146341463415,0.475,0.4691358024691358,0.88268156424581,0.8777777777777778,0.8802228412256268,"[[19, 21], [22, 158]]",0.7544444444444445,0.925151748806128,0.16761103760112417,0.15333104754522706,220
P1,18_original_mixed_reference,average,0.8954545454545455,0.838680926916221,0.7902777777777779,0.8111306035608973,0.7575757575757576,0.625,0.684931506849315,0.9197860962566845,0.9555555555555556,0.9373297002724795,"[[25, 15], [8, 172]]",0.8629166666666667,0.9623646808778965,0.17916085313666955,0.1234054862721676,220
P1,18_original_mixed_reference,adaptive,0.8954545454545455,0.838680926916221,0.7902777777777779,0.8111306035608973,0.7575757575757576,0.625,0.684931506849315,0.9197860962566845,0.9555555555555556,0.9373297002724795,"[[25, 15], [8, 172]]",0.8649999999999999,0.9632939232679145,0.17158627412605362,0.12028249048275366,220
P2,18_checkpoint_val_macro_f1,front,0.8636363636363636,0.7718334297281666,0.7611111111111111,0.76625584360391,0.631578947368421,0.6,0.6153846153846154,0.9120879120879121,0.9222222222222223,0.9171270718232044,"[[24, 16], [14, 166]]",0.8801388888888889,0.9707477265978087,0.12512879737398844,0.11311169142957014,220
P2,18_checkpoint_val_macro_f1,side,0.8045454545454546,0.6534573027622315,0.6180555555555556,0.6304543146216649,0.4482758620689655,0.325,0.37681159420289856,0.8586387434554974,0.9111111111111111,0.8840970350404312,"[[13, 27], [16, 164]]",0.7101388888888889,0.908419020079325,0.1661518687551672,0.1590477783090047,220
P2,18_checkpoint_val_macro_f1,average,0.8818181818181818,0.8330689928628073,0.7333333333333334,0.768270944741533,0.7692307692307693,0.5,0.6060606060606061,0.8969072164948454,0.9666666666666667,0.93048128342246,"[[20, 20], [6, 174]]",0.8655555555555555,0.9626422760015924,0.17850348190827803,0.1270682456509351,220
P2,18_checkpoint_val_macro_f1,adaptive,0.8818181818181818,0.8330689928628073,0.7333333333333334,0.768270944741533,0.7692307692307693,0.5,0.6060606060606061,0.8969072164948454,0.9666666666666667,0.93048128342246,"[[20, 20], [6, 174]]",0.8680555555555555,0.9641462521840578,0.17141471480918344,0.12401894395350962,220
P3,18_checkpoint_val_loss,front,0.8727272727272727,0.7925363693864642,0.7569444444444444,0.7725594446905922,0.6764705882352942,0.575,0.6216216216216216,0.9086021505376344,0.9388888888888889,0.9234972677595629,"[[23, 17], [11, 169]]",0.8895833333333333,0.9733036362165449,0.09753784720193256,0.1054830655801624,220
P3,18_checkpoint_val_loss,side,0.8045454545454546,0.6730480991960758,0.6763888888888889,0.6746793218473812,0.4634146341463415,0.475,0.4691358024691358,0.88268156424581,0.8777777777777778,0.8802228412256268,"[[19, 21], [22, 158]]",0.7544444444444445,0.925151748806128,0.16761103760112417,0.15333104754522706,220
P3,18_checkpoint_val_loss,average,0.8727272727272727,0.7958776595744681,0.7472222222222222,0.767512077294686,0.6875,0.55,0.6111111111111112,0.9042553191489362,0.9444444444444444,0.9239130434782609,"[[22, 18], [10, 170]]",0.8691666666666666,0.9641689062253815,0.14478678923438895,0.11833853434226933,220
P3,18_checkpoint_val_loss,adaptive,0.8727272727272727,0.7958776595744681,0.7472222222222222,0.767512077294686,0.6875,0.55,0.6111111111111112,0.9042553191489362,0.9444444444444444,0.9239130434782609,"[[22, 18], [10, 170]]",0.8706944444444444,0.9651895101419464,0.14368913601110891,0.11489170231039439,220
P4,18_checkpoint_val_macro_f1_and_earlystopping_val_macro,front,0.8636363636363636,0.7718334297281666,0.7611111111111111,0.76625584360391,0.631578947368421,0.6,0.6153846153846154,0.9120879120879121,0.9222222222222223,0.9171270718232044,"[[24, 16], [14, 166]]",0.8801388888888889,0.9707477265978087,0.12512879737398844,0.11311169142957014,220
P4,18_checkpoint_val_macro_f1_and_earlystopping_val_macro,side,0.8045454545454546,0.6534573027622315,0.6180555555555556,0.6304543146216649,0.4482758620689655,0.325,0.37681159420289856,0.8586387434554974,0.9111111111111111,0.8840970350404312,"[[13, 27], [16, 164]]",0.7101388888888889,0.908419020079325,0.1661518687551672,0.1590477783090047,220
P4,18_checkpoint_val_macro_f1_and_earlystopping_val_macro,average,0.8818181818181818,0.8330689928628073,0.7333333333333334,0.768270944741533,0.7692307692307693,0.5,0.6060606060606061,0.8969072164948454,0.9666666666666667,0.93048128342246,"[[20, 20], [6, 174]]",0.8655555555555555,0.9626422760015924,0.17850348190827803,0.1270682456509351,220
P4,18_checkpoint_val_macro_f1_and_earlystopping_val_macro,adaptive,0.8818181818181818,0.8330689928628073,0.7333333333333334,0.768270944741533,0.7692307692307693,0.5,0.6060606060606061,0.8969072164948454,0.9666666666666667,0.93048128342246,"[[20, 20], [6, 174]]",0.8680555555555555,0.9641462521840578,0.17141471480918344,0.12401894395350962,220
P5,18_checkpoint_val_loss_and_earlystopping_val_loss,front,0.8590909090909091,0.772612384907023,0.7097222222222221,0.7335833430993398,0.6551724137931034,0.475,0.5507246376811594,0.8900523560209425,0.9444444444444444,0.9164420485175202,"[[19, 21], [10, 170]]",0.893888888888889,0.9742903447547183,0.0682316789572889,0.09787958632692102,220
P5,18_checkpoint_val_loss_and_earlystopping_val_loss,side,0.8045454545454546,0.6730480991960758,0.6763888888888889,0.6746793218473812,0.4634146341463415,0.475,0.4691358024691358,0.88268156424581,0.8777777777777778,0.8802228412256268,"[[19, 21], [22, 158]]",0.7544444444444445,0.925151748806128,0.16761103760112417,0.15333104754522706,220
P5,18_checkpoint_val_loss_and_earlystopping_val_loss,average,0.8727272727272727,0.8112609040444092,0.7180555555555556,0.750445632798574,0.7307692307692307,0.475,0.5757575757575758,0.8917525773195877,0.9611111111111111,0.9251336898395722,"[[19, 21], [7, 173]]",0.872638888888889,0.9645975077830367,0.13143945112824437,0.11281518846239591,220
P5,18_checkpoint_val_loss_and_earlystopping_val_loss,adaptive,0.8727272727272727,0.8112609040444092,0.7180555555555556,0.750445632798574,0.7307692307692307,0.475,0.5757575757575758,0.8917525773195877,0.9611111111111111,0.9251336898395722,"[[19, 21], [7, 173]]",0.8775,0.966438975807252,0.12142438396222897,0.10893799440012311,220
