protocol,label,subject_id,n_samples,safe_count,phone_count,model,macro_f1
P1,18_original_mixed_reference,4,32,6,26,front,0.6621417797888387
P1,18_original_mixed_reference,4,32,6,26,side,0.7948717948717949
P1,18_original_mixed_reference,4,32,6,26,average,0.8974358974358975
P1,18_original_mixed_reference,4,32,6,26,adaptive,0.8974358974358975
P1,18_original_mixed_reference,8,38,8,30,front,0.7373271889400921
P1,18_original_mixed_reference,8,38,8,30,side,0.5824175824175823
P1,18_original_mixed_reference,8,38,8,30,average,0.7092896174863388
P1,18_original_mixed_reference,8,38,8,30,adaptive,0.7092896174863388
P1,18_original_mixed_reference,10,30,5,25,front,0.6875
P1,18_original_mixed_reference,10,30,5,25,side,0.6296296296296297
P1,18_original_mixed_reference,10,30,5,25,average,0.7574123989218329
P1,18_original_mixed_reference,10,30,5,25,adaptive,0.7574123989218329
P1,18_original_mixed_reference,11,27,6,21,front,0.5896656534954408
P1,18_original_mixed_reference,11,27,6,21,side,0.41304347826086957
P1,18_original_mixed_reference,11,27,6,21,average,0.5896656534954408
P1,18_original_mixed_reference,11,27,6,21,adaptive,0.5896656534954408
P1,18_original_mixed_reference,17,35,6,29,front,0.9107142857142857
P1,18_original_mixed_reference,17,35,6,29,side,0.7666666666666666
P1,18_original_mixed_reference,17,35,6,29,average,0.8382126348228043
P1,18_original_mixed_reference,17,35,6,29,adaptive,0.8382126348228043
P1,18_original_mixed_reference,21,33,5,28,front,1.0
P1,18_original_mixed_reference,21,33,5,28,side,0.8186813186813187
P1,18_original_mixed_reference,21,33,5,28,average,0.9454545454545454
P1,18_original_mixed_reference,21,33,5,28,adaptive,0.9454545454545454
P1,18_original_mixed_reference,42,25,4,21,front,0.7023809523809523
P1,18_original_mixed_reference,42,25,4,21,side,0.5659722222222222
P1,18_original_mixed_reference,42,25,4,21,average,0.875
P1,18_original_mixed_reference,42,25,4,21,adaptive,0.875
P2,18_checkpoint_val_macro_f1,4,32,6,26,front,0.6621417797888387
P2,18_checkpoint_val_macro_f1,4,32,6,26,side,0.725557461406518
P2,18_checkpoint_val_macro_f1,4,32,6,26,average,0.762962962962963
P2,18_checkpoint_val_macro_f1,4,32,6,26,adaptive,0.762962962962963
P2,18_checkpoint_val_macro_f1,8,38,8,30,front,0.7373271889400921
P2,18_checkpoint_val_macro_f1,8,38,8,30,side,0.43283582089552236
P2,18_checkpoint_val_macro_f1,8,38,8,30,average,0.6752136752136753
P2,18_checkpoint_val_macro_f1,8,38,8,30,adaptive,0.6752136752136753
P2,18_checkpoint_val_macro_f1,10,30,5,25,front,0.6875
P2,18_checkpoint_val_macro_f1,10,30,5,25,side,0.45454545454545453
P2,18_checkpoint_val_macro_f1,10,30,5,25,average,0.7574123989218329
P2,18_checkpoint_val_macro_f1,10,30,5,25,adaptive,0.7574123989218329
P2,18_checkpoint_val_macro_f1,11,27,6,21,front,0.5896656534954408
P2,18_checkpoint_val_macro_f1,11,27,6,21,side,0.425531914893617
P2,18_checkpoint_val_macro_f1,11,27,6,21,average,0.5896656534954408
P2,18_checkpoint_val_macro_f1,11,27,6,21,adaptive,0.5896656534954408
P2,18_checkpoint_val_macro_f1,17,35,6,29,front,0.9107142857142857
P2,18_checkpoint_val_macro_f1,17,35,6,29,side,0.5766129032258065
P2,18_checkpoint_val_macro_f1,17,35,6,29,average,0.7666666666666666
P2,18_checkpoint_val_macro_f1,17,35,6,29,adaptive,0.7666666666666666
P2,18_checkpoint_val_macro_f1,21,33,5,28,front,1.0
P2,18_checkpoint_val_macro_f1,21,33,5,28,side,0.8981481481481481
P2,18_checkpoint_val_macro_f1,21,33,5,28,average,0.9454545454545454
P2,18_checkpoint_val_macro_f1,21,33,5,28,adaptive,0.9454545454545454
P2,18_checkpoint_val_macro_f1,42,25,4,21,front,0.7023809523809523
P2,18_checkpoint_val_macro_f1,42,25,4,21,side,0.5989304812834224
P2,18_checkpoint_val_macro_f1,42,25,4,21,average,0.8511904761904762
P2,18_checkpoint_val_macro_f1,42,25,4,21,adaptive,0.8511904761904762
P3,18_checkpoint_val_loss,4,32,6,26,front,0.6767676767676767
P3,18_checkpoint_val_loss,4,32,6,26,side,0.7948717948717949
P3,18_checkpoint_val_loss,4,32,6,26,average,0.6767676767676767
P3,18_checkpoint_val_loss,4,32,6,26,adaptive,0.6767676767676767
P3,18_checkpoint_val_loss,8,38,8,30,front,0.7373271889400921
P3,18_checkpoint_val_loss,8,38,8,30,side,0.5824175824175823
P3,18_checkpoint_val_loss,8,38,8,30,average,0.7092896174863388
P3,18_checkpoint_val_loss,8,38,8,30,adaptive,0.7092896174863388
P3,18_checkpoint_val_loss,10,30,5,25,front,0.7916666666666666
P3,18_checkpoint_val_loss,10,30,5,25,side,0.6296296296296297
P3,18_checkpoint_val_loss,10,30,5,25,average,0.7574123989218329
P3,18_checkpoint_val_loss,10,30,5,25,adaptive,0.7574123989218329
P3,18_checkpoint_val_loss,11,27,6,21,front,0.5597826086956521
P3,18_checkpoint_val_loss,11,27,6,21,side,0.41304347826086957
P3,18_checkpoint_val_loss,11,27,6,21,average,0.5597826086956521
P3,18_checkpoint_val_loss,11,27,6,21,adaptive,0.5597826086956521
P3,18_checkpoint_val_loss,17,35,6,29,front,0.8582995951417004
P3,18_checkpoint_val_loss,17,35,6,29,side,0.7666666666666666
P3,18_checkpoint_val_loss,17,35,6,29,average,0.8382126348228043
P3,18_checkpoint_val_loss,17,35,6,29,adaptive,0.8382126348228043
P3,18_checkpoint_val_loss,21,33,5,28,front,1.0
P3,18_checkpoint_val_loss,21,33,5,28,side,0.8186813186813187
P3,18_checkpoint_val_loss,21,33,5,28,average,0.9454545454545454
P3,18_checkpoint_val_loss,21,33,5,28,adaptive,0.9454545454545454
P3,18_checkpoint_val_loss,42,25,4,21,front,0.7023809523809523
P3,18_checkpoint_val_loss,42,25,4,21,side,0.5659722222222222
P3,18_checkpoint_val_loss,42,25,4,21,average,0.8251748251748252
P3,18_checkpoint_val_loss,42,25,4,21,adaptive,0.8251748251748252
P4,18_checkpoint_val_macro_f1_and_earlystopping_val_macro,4,32,6,26,front,0.6621417797888387
P4,18_checkpoint_val_macro_f1_and_earlystopping_val_macro,4,32,6,26,side,0.725557461406518
P4,18_checkpoint_val_macro_f1_and_earlystopping_val_macro,4,32,6,26,average,0.762962962962963
P4,18_checkpoint_val_macro_f1_and_earlystopping_val_macro,4,32,6,26,adaptive,0.762962962962963
P4,18_checkpoint_val_macro_f1_and_earlystopping_val_macro,8,38,8,30,front,0.7373271889400921
P4,18_checkpoint_val_macro_f1_and_earlystopping_val_macro,8,38,8,30,side,0.43283582089552236
P4,18_checkpoint_val_macro_f1_and_earlystopping_val_macro,8,38,8,30,average,0.6752136752136753
P4,18_checkpoint_val_macro_f1_and_earlystopping_val_macro,8,38,8,30,adaptive,0.6752136752136753
P4,18_checkpoint_val_macro_f1_and_earlystopping_val_macro,10,30,5,25,front,0.6875
P4,18_checkpoint_val_macro_f1_and_earlystopping_val_macro,10,30,5,25,side,0.45454545454545453
P4,18_checkpoint_val_macro_f1_and_earlystopping_val_macro,10,30,5,25,average,0.7574123989218329
P4,18_checkpoint_val_macro_f1_and_earlystopping_val_macro,10,30,5,25,adaptive,0.7574123989218329
P4,18_checkpoint_val_macro_f1_and_earlystopping_val_macro,11,27,6,21,front,0.5896656534954408
P4,18_checkpoint_val_macro_f1_and_earlystopping_val_macro,11,27,6,21,side,0.425531914893617
P4,18_checkpoint_val_macro_f1_and_earlystopping_val_macro,11,27,6,21,average,0.5896656534954408
P4,18_checkpoint_val_macro_f1_and_earlystopping_val_macro,11,27,6,21,adaptive,0.5896656534954408
P4,18_checkpoint_val_macro_f1_and_earlystopping_val_macro,17,35,6,29,front,0.9107142857142857
P4,18_checkpoint_val_macro_f1_and_earlystopping_val_macro,17,35,6,29,side,0.5766129032258065
P4,18_checkpoint_val_macro_f1_and_earlystopping_val_macro,17,35,6,29,average,0.7666666666666666
P4,18_checkpoint_val_macro_f1_and_earlystopping_val_macro,17,35,6,29,adaptive,0.7666666666666666
P4,18_checkpoint_val_macro_f1_and_earlystopping_val_macro,21,33,5,28,front,1.0
P4,18_checkpoint_val_macro_f1_and_earlystopping_val_macro,21,33,5,28,side,0.8981481481481481
P4,18_checkpoint_val_macro_f1_and_earlystopping_val_macro,21,33,5,28,average,0.9454545454545454
P4,18_checkpoint_val_macro_f1_and_earlystopping_val_macro,21,33,5,28,adaptive,0.9454545454545454
P4,18_checkpoint_val_macro_f1_and_earlystopping_val_macro,42,25,4,21,front,0.7023809523809523
P4,18_checkpoint_val_macro_f1_and_earlystopping_val_macro,42,25,4,21,side,0.5989304812834224
P4,18_checkpoint_val_macro_f1_and_earlystopping_val_macro,42,25,4,21,average,0.8511904761904762
P4,18_checkpoint_val_macro_f1_and_earlystopping_val_macro,42,25,4,21,adaptive,0.8511904761904762
P5,18_checkpoint_val_loss_and_earlystopping_val_loss,4,32,6,26,front,0.6767676767676767
P5,18_checkpoint_val_loss_and_earlystopping_val_loss,4,32,6,26,side,0.7948717948717949
P5,18_checkpoint_val_loss_and_earlystopping_val_loss,4,32,6,26,average,0.6767676767676767
P5,18_checkpoint_val_loss_and_earlystopping_val_loss,4,32,6,26,adaptive,0.6767676767676767
P5,18_checkpoint_val_loss_and_earlystopping_val_loss,8,38,8,30,front,0.7092896174863388
P5,18_checkpoint_val_loss_and_earlystopping_val_loss,8,38,8,30,side,0.5824175824175823
P5,18_checkpoint_val_loss_and_earlystopping_val_loss,8,38,8,30,average,0.7092896174863388
P5,18_checkpoint_val_loss_and_earlystopping_val_loss,8,38,8,30,adaptive,0.7092896174863388
P5,18_checkpoint_val_loss_and_earlystopping_val_loss,10,30,5,25,front,0.7916666666666666
P5,18_checkpoint_val_loss_and_earlystopping_val_loss,10,30,5,25,side,0.6296296296296297
P5,18_checkpoint_val_loss_and_earlystopping_val_loss,10,30,5,25,average,0.7574123989218329
P5,18_checkpoint_val_loss_and_earlystopping_val_loss,10,30,5,25,adaptive,0.7574123989218329
P5,18_checkpoint_val_loss_and_earlystopping_val_loss,11,27,6,21,front,0.5896656534954408
P5,18_checkpoint_val_loss_and_earlystopping_val_loss,11,27,6,21,side,0.41304347826086957
P5,18_checkpoint_val_loss_and_earlystopping_val_loss,11,27,6,21,average,0.5896656534954408
P5,18_checkpoint_val_loss_and_earlystopping_val_loss,11,27,6,21,adaptive,0.5896656534954408
P5,18_checkpoint_val_loss_and_earlystopping_val_loss,17,35,6,29,front,0.5537340619307832
P5,18_checkpoint_val_loss_and_earlystopping_val_loss,17,35,6,29,side,0.7666666666666666
P5,18_checkpoint_val_loss_and_earlystopping_val_loss,17,35,6,29,average,0.6812386156648451
P5,18_checkpoint_val_loss_and_earlystopping_val_loss,17,35,6,29,adaptive,0.6812386156648451
P5,18_checkpoint_val_loss_and_earlystopping_val_loss,21,33,5,28,front,1.0
P5,18_checkpoint_val_loss_and_earlystopping_val_loss,21,33,5,28,side,0.8186813186813187
P5,18_checkpoint_val_loss_and_earlystopping_val_loss,21,33,5,28,average,1.0
P5,18_checkpoint_val_loss_and_earlystopping_val_loss,21,33,5,28,adaptive,1.0
P5,18_checkpoint_val_loss_and_earlystopping_val_loss,42,25,4,21,front,0.7508305647840532
P5,18_checkpoint_val_loss_and_earlystopping_val_loss,42,25,4,21,side,0.5659722222222222
P5,18_checkpoint_val_loss_and_earlystopping_val_loss,42,25,4,21,average,0.7967479674796748
P5,18_checkpoint_val_loss_and_earlystopping_val_loss,42,25,4,21,adaptive,0.7967479674796748
