protocol,label,method,safe_to_phone,phone_to_safe,any_crossing
P1,18_original_mixed_reference,front,0,0,0
P1,18_original_mixed_reference,side,0,0,0
P1,18_original_mixed_reference,average,0,0,0
P1,18_original_mixed_reference,adaptive,0,0,0
P2,18_checkpoint_val_macro_f1,front,0,0,0
P2,18_checkpoint_val_macro_f1,side,6,0,12
P2,18_checkpoint_val_macro_f1,average,5,0,7
P2,18_checkpoint_val_macro_f1,adaptive,5,0,7
P3,18_checkpoint_val_loss,front,2,1,8
P3,18_checkpoint_val_loss,side,0,0,0
P3,18_checkpoint_val_loss,average,3,2,5
P3,18_checkpoint_val_loss,adaptive,3,2,5
P4,18_checkpoint_val_macro_f1_and_earlystopping_val_macro,front,0,0,0
P4,18_checkpoint_val_macro_f1_and_earlystopping_val_macro,side,6,0,12
P4,18_checkpoint_val_macro_f1_and_earlystopping_val_macro,average,5,0,7
P4,18_checkpoint_val_macro_f1_and_earlystopping_val_macro,adaptive,5,0,7
P5,18_checkpoint_val_loss_and_earlystopping_val_loss,front,6,1,13
P5,18_checkpoint_val_loss_and_earlystopping_val_loss,side,0,0,0
P5,18_checkpoint_val_loss_and_earlystopping_val_loss,average,6,0,7
P5,18_checkpoint_val_loss_and_earlystopping_val_loss,adaptive,6,0,7
