protocol,label,comparison,method,n_clusters,n_boot,seed,observed_delta,ci95_low,ci95_high
P1,18_original_mixed_reference,average_vs_front,subject_cluster_bootstrap_test_subjects,7,10000,42,0.04487475995698731,-0.032702300061770995,0.13884389171745493
P1,18_original_mixed_reference,average_vs_side,subject_cluster_bootstrap_test_subjects,7,10000,42,0.13645128171351606,0.09800745235314207,0.19126612106447805
P2,18_checkpoint_val_macro_f1,average_vs_front,subject_cluster_bootstrap_test_subjects,7,10000,42,0.002015101137623043,-0.07057674205454678,0.07733790015997177
P2,18_checkpoint_val_macro_f1,average_vs_side,subject_cluster_bootstrap_test_subjects,7,10000,42,0.1378166301198681,0.08525416744594816,0.20421072153614075
P3,18_checkpoint_val_loss,average_vs_front,subject_cluster_bootstrap_test_subjects,7,10000,42,-0.005047367395906277,-0.029492284718765527,0.04106913919413924
P3,18_checkpoint_val_loss,average_vs_side,subject_cluster_bootstrap_test_subjects,7,10000,42,0.09283275544730474,0.011681129950713607,0.15940036129310586
P4,18_checkpoint_val_macro_f1_and_earlystopping_val_macro,average_vs_front,subject_cluster_bootstrap_test_subjects,7,10000,42,0.002015101137623043,-0.07057674205454678,0.07733790015997177
P4,18_checkpoint_val_macro_f1_and_earlystopping_val_macro,average_vs_side,subject_cluster_bootstrap_test_subjects,7,10000,42,0.1378166301198681,0.08525416744594816,0.20421072153614075
P5,18_checkpoint_val_loss_and_earlystopping_val_loss,average_vs_front,subject_cluster_bootstrap_test_subjects,7,10000,42,0.0168622896992342,-0.013725654541981047,0.05963427360266802
P5,18_checkpoint_val_loss_and_earlystopping_val_loss,average_vs_side,subject_cluster_bootstrap_test_subjects,7,10000,42,0.0757663109511928,-0.017645534505094672,0.15695501341980655
