protocol,label,view,error_type,count,mean_p_phone,median_p_phone,mean_margin
P1,18_original_mixed_reference,front,safe_to_phone_false_positive,16,0.6677950918674469,0.6738726198673248,0.1677950918674469
P1,18_original_mixed_reference,front,phone_to_safe_false_negative,14,0.41684328445366453,0.4242976903915405,0.08315671554633551
P1,18_original_mixed_reference,side,safe_to_phone_false_positive,21,0.6659904235885257,0.6319524645805359,0.16599042358852567
P1,18_original_mixed_reference,side,phone_to_safe_false_negative,22,0.4229038642211394,0.4234675318002701,0.07709613577886064
P2,18_checkpoint_val_macro_f1,front,safe_to_phone_false_positive,16,0.6677950918674469,0.6738726198673248,0.1677950918674469
P2,18_checkpoint_val_macro_f1,front,phone_to_safe_false_negative,14,0.41684328445366453,0.4242976903915405,0.08315671554633551
P2,18_checkpoint_val_macro_f1,side,safe_to_phone_false_positive,27,0.649278497254407,0.6269616484642029,0.14927849725440698
P2,18_checkpoint_val_macro_f1,side,phone_to_safe_false_negative,16,0.4606549870222807,0.4653536528348923,0.039345012977719335
P3,18_checkpoint_val_loss,front,safe_to_phone_false_positive,17,0.666101988624124,0.6500524282455444,0.16610198862412395
P3,18_checkpoint_val_loss,front,phone_to_safe_false_negative,11,0.3752893575213172,0.3912533521652221,0.1247106424786828
P3,18_checkpoint_val_loss,side,safe_to_phone_false_positive,21,0.6659904235885257,0.6319524645805359,0.16599042358852567
P3,18_checkpoint_val_loss,side,phone_to_safe_false_negative,22,0.4229038642211394,0.4234675318002701,0.07709613577886064
P4,18_checkpoint_val_macro_f1_and_earlystopping_val_macro,front,safe_to_phone_false_positive,16,0.6677950918674469,0.6738726198673248,0.1677950918674469
P4,18_checkpoint_val_macro_f1_and_earlystopping_val_macro,front,phone_to_safe_false_negative,14,0.41684328445366453,0.4242976903915405,0.08315671554633551
P4,18_checkpoint_val_macro_f1_and_earlystopping_val_macro,side,safe_to_phone_false_positive,27,0.649278497254407,0.6269616484642029,0.14927849725440698
P4,18_checkpoint_val_macro_f1_and_earlystopping_val_macro,side,phone_to_safe_false_negative,16,0.4606549870222807,0.4653536528348923,0.039345012977719335
P5,18_checkpoint_val_loss_and_earlystopping_val_loss,front,safe_to_phone_false_positive,21,0.6742431379499889,0.6732215285301208,0.17424313794998897
P5,18_checkpoint_val_loss_and_earlystopping_val_loss,front,phone_to_safe_false_negative,10,0.40163310766220095,0.40527431666851044,0.0983668923377991
P5,18_checkpoint_val_loss_and_earlystopping_val_loss,side,safe_to_phone_false_positive,21,0.6659904235885257,0.6319524645805359,0.16599042358852567
P5,18_checkpoint_val_loss_and_earlystopping_val_loss,side,phone_to_safe_false_negative,22,0.4229038642211394,0.4234675318002701,0.07709613577886064
