sample_id,subject_id,activity_id,frame,ground_truth,front_probability,front_prediction,side_probability,side_prediction,average_probability,average_prediction,adaptive_probability,adaptive_prediction,adaptive_front_weight,adaptive_side_weight
S10_AC1_F1,10,1,1,0,0.36506566405296326,0,0.48471832275390625,0,0.42489199340343475,0,0.42131706781478284,0,0.5298775273985928,0.4701224726014072
S10_AC1_F121,10,1,121,0,0.5182539224624634,1,0.7636306285858154,1,0.6409422755241394,1,0.65591963424663,1,0.4389617744931282,0.5610382255068719
S10_AC1_F31,10,1,31,0,0.3587011396884918,0,0.5214234590530396,1,0.4400622993707657,0,0.435191529934186,0,0.5299330138336316,0.4700669861663684
S10_AC1_F61,10,1,61,0,0.7735431790351868,1,0.8011382222175598,1,0.7873407006263733,1,0.7875310601489035,1,0.4931016769471216,0.5068983230528785
S10_AC1_F91,10,1,91,0,0.4453854262828827,0,0.8691115975379944,1,0.6572485119104385,1,0.6902917602603159,1,0.42201744760773047,0.5779825523922694
S10_AC5_F1,10,5,1,1,0.9129344820976257,1,0.742120623588562,1,0.8275275528430939,1,0.8348042121878878,1,0.5425999354402958,0.45740006455970417
S10_AC5_F121,10,5,121,1,0.8786095976829529,1,0.8499794006347656,1,0.8642944991588593,1,0.8644994072080794,1,0.5071570603889066,0.4928429396110933
S10_AC5_F31,10,5,31,1,0.8512981534004211,1,0.8168250918388367,1,0.8340616226196289,1,0.8343586911940762,1,0.5086174120020274,0.4913825879979726
S10_AC5_F61,10,5,61,1,0.9129161238670349,1,0.9114139080047607,1,0.9121650159358978,1,0.912165580098916,1,0.500375553894944,0.499624446105056
S10_AC5_F91,10,5,91,1,0.9273204207420349,1,0.9682320952415466,1,0.9477762579917908,1,0.9481946409147788,1,0.4897735077308295,0.5102264922691704
S10_AC6_F1,10,6,1,1,0.7001519799232483,1,0.8978703618049622,1,0.7990111708641052,1,0.8087525963843032,1,0.45073080495861106,0.5492691950413889
S10_AC6_F121,10,6,121,1,0.7637729048728943,1,0.8857952952384949,1,0.8247841000556946,1,0.8285018541905425,1,0.4695321971344043,0.5304678028655957
S10_AC6_F31,10,6,31,1,0.4493440091609955,0,0.7788255214691162,1,0.6140847653150558,1,0.6327980595865008,1,0.44320381091991307,0.5567961890800869
S10_AC6_F61,10,6,61,1,0.47156015038490295,0,0.8123627305030823,1,0.6419614404439926,1,0.6659906488758172,1,0.42949229309387277,0.5705077069061272
S10_AC6_F91,10,6,91,1,0.2862953543663025,0,0.79576176404953,1,0.5410285592079163,1,0.5514740351375111,1,0.47949722350470636,0.5205027764952936
S10_AC7_F1,10,7,1,1,0.9762601256370544,1,0.9459391236305237,1,0.9610996246337891,1,0.9613294478171481,1,0.5075796698047635,0.4924203301952365
S10_AC7_F31,10,7,31,1,0.9635391235351562,1,0.9029836654663086,1,0.9332613945007324,1,0.9341778553409577,1,0.5151342400743338,0.4848657599256663
S10_AC7_F61,10,7,61,1,0.9208296537399292,1,0.9627358317375183,1,0.9417827427387238,1,0.9422217104389151,1,0.4895249884106185,0.5104750115893815
S10_AC7_F91,10,7,91,1,0.9471932053565979,1,0.9252728819847107,1,0.9362330436706543,1,0.9363531640050506,1,0.5054798614216812,0.49452013857831884
S10_AC8_F1,10,8,1,1,0.9789630174636841,1,0.9206749200820923,1,0.9498189687728882,1,0.9506681039490326,1,0.5145679000394447,0.48543209996055514
S10_AC8_F121,10,8,121,1,0.4515201151371002,0,0.8079125285148621,1,0.6297163218259811,1,0.6527024984249664,1,0.43550318206515587,0.5644968179348442
S10_AC8_F31,10,8,31,1,0.6432746052742004,1,0.8156964182853699,1,0.7294855117797852,1,0.7368994736281801,1,0.4570010213967843,0.5429989786032157
S10_AC8_F61,10,8,61,1,0.9369345307350159,1,0.9362470507621765,1,0.9365907907485962,1,0.9365909089057698,1,0.5001718699864406,0.49982813001355936
S10_AC8_F91,10,8,91,1,0.5589256882667542,1,0.8677751421928406,1,0.7133504152297974,1,0.7370096426693975,1,0.4233955989274236,0.5766044010725763
S10_AC9_F1,10,9,1,1,0.8527266383171082,1,0.7396902441978455,1,0.7962084412574768,1,0.7993993509983086,1,0.5282290475177861,0.47177095248221385
S10_AC9_F121,10,9,121,1,0.6432660222053528,1,0.7561082243919373,1,0.699687123298645,1,0.7028670903569791,1,0.4718193459830203,0.5281806540169797
S10_AC9_F151,10,9,151,1,0.7656533122062683,1,0.8948166370391846,1,0.8302349746227264,1,0.834399976901105,1,0.4677539867933385,0.5322460132066615
S10_AC9_F31,10,9,31,1,0.9229711890220642,1,0.7297139763832092,1,0.8263425827026367,1,0.8356507179876707,1,0.5481644910321056,0.4518355089678944
S10_AC9_F61,10,9,61,1,0.8481764197349548,1,0.8328366279602051,1,0.84050652384758,1,0.8405653499969796,1,0.5038348727455755,0.49616512725442447
S10_AC9_F91,10,9,91,1,0.8227540850639343,1,0.9652682542800903,1,0.8940111696720123,1,0.8990801652847077,1,0.4644316376359253,0.5355683623640748
S11_AC1_F1,11,1,1,0,0.30718815326690674,0,0.5610981583595276,1,0.43414315581321716,0,0.4257943664147381,0,0.5328808996535352,0.4671191003464648
S11_AC1_F121,11,1,121,0,0.6641451716423035,1,0.5929393172264099,1,0.6285422444343567,1,0.6298092775549724,1,0.5177939458912374,0.4822060541087625
S11_AC1_F151,11,1,151,0,0.6749610900878906,1,0.6432812809944153,1,0.659121185541153,1,0.6593720671352742,1,0.5079192899610299,0.4920807100389701
S11_AC1_F31,11,1,31,0,0.672784149646759,1,0.6319524645805359,1,0.6523683071136475,1,0.6527850558403827,1,0.5102065032598941,0.4897934967401058
S11_AC1_F61,11,1,61,0,0.746337354183197,1,0.8887889385223389,1,0.8175631463527679,1,0.8226276983690617,1,0.464447204713173,0.535552795286827
S11_AC1_F91,11,1,91,0,0.8223744034767151,1,0.7184200286865234,1,0.7703972160816193,1,0.7730964137861018,1,0.5259652151237532,0.47403478487624684
S11_AC5_F1,11,5,1,1,0.8077847361564636,1,0.4941405653953552,0,0.6509626507759094,1,0.6744587095312382,1,0.5749131051864018,0.42508689481359824
S11_AC5_F121,11,5,121,1,0.7825607061386108,1,0.6170589327812195,1,0.6998098194599152,1,0.7066419410266191,1,0.5412812589744911,0.45871874102550897
S11_AC5_F31,11,5,31,1,0.6459783911705017,1,0.6729822158813477,1,0.6594803035259247,1,0.6596625940860237,1,0.4932494540291641,0.5067505459708359
S11_AC5_F61,11,5,61,1,0.9241833686828613,1,0.7709632515907288,1,0.847573310136795,1,0.8534309559834301,1,0.5382302660890991,0.46176973391090087
S11_AC5_F91,11,5,91,1,0.7399693727493286,1,0.6774417161941528,1,0.7087055444717407,1,0.7096826531002819,1,0.51562682311113,0.48437317688887
S11_AC6_F1,11,6,1,1,0.6776931881904602,1,0.5151739120483398,1,0.5964335501194,1,0.603022183413965,1,0.5405406266319034,0.45945937336809667
S11_AC6_F31,11,6,31,1,0.7043402791023254,1,0.537245512008667,1,0.6207928955554962,1,0.62775686516841,1,0.5416767666279483,0.4583232333720517
S11_AC6_F61,11,6,61,1,0.8448973298072815,1,0.5717406272888184,1,0.7083189785480499,1,0.7268574973514288,1,0.5678677060912529,0.4321322939087471
S11_AC6_F91,11,6,91,1,0.5302178263664246,1,0.48220089077949524,0,0.5062093585729599,1,0.5063584338423599,1,0.5031046393856187,0.49689536061438144
S11_AC7_F1,11,7,1,1,0.8752857446670532,1,0.9125912189483643,1,0.8939384818077087,1,0.8942863660656521,1,0.4906747129035242,0.5093252870964758
S11_AC7_F31,11,7,31,1,0.935274600982666,1,0.8868227601051331,1,0.9110486805438995,1,0.9116354609766188,1,0.5121105910960638,0.4878894089039362
S11_AC7_F61,11,7,61,1,0.8855456113815308,1,0.9331002831459045,1,0.9093229472637177,1,0.9098882024448429,1,0.4881135720181989,0.5118864279818011
S11_AC7_F91,11,7,91,1,0.796790599822998,1,0.9538110494613647,1,0.8753008246421814,1,0.8814520468190379,1,0.46082534350765614,0.5391746564923439
S11_AC8_F1,11,8,1,1,0.7487823963165283,1,0.5701705813407898,1,0.6594764888286591,1,0.6674308982591519,1,0.5445346206888569,0.45546537931114306
S11_AC8_F31,11,8,31,1,0.8948548436164856,1,0.6408300995826721,1,0.7678424715995789,1,0.7838884217148769,1,0.5631668783933984,0.4368331216066016
S11_AC8_F61,11,8,61,1,0.5079429149627686,1,0.6931940913200378,1,0.6005685031414032,1,0.609123550700163,1,0.45381919981840774,0.5461808001815921
S11_AC8_F91,11,8,91,1,0.6964584589004517,1,0.6526927351951599,1,0.6745755970478058,1,0.6750543802697866,1,0.5109396847908818,0.48906031520911825
S11_AC9_F1,11,9,1,1,0.8805899024009705,1,0.9623120427131653,1,0.9214509725570679,1,0.9231196710133627,1,0.47958082779134337,0.5204191722086566
S11_AC9_F31,11,9,31,1,0.8506549000740051,1,0.8544507026672363,1,0.8525528013706207,1,0.8525564033956277,1,0.4990510504910733,0.5009489495089268
S11_AC9_F61,11,9,61,1,0.7622615098953247,1,0.7661573886871338,1,0.7642094492912292,1,0.7642132437543201,1,0.49902603153394476,0.5009739684660552
S11_AC9_F91,11,9,91,1,0.9191030859947205,1,0.9736497402191162,1,0.9463764131069183,1,0.9471200631036873,1,0.48636671657789043,0.5136332834221096
S17_AC1_F1,17,1,1,0,0.47906097769737244,0,0.8296167850494385,1,0.6543388813734055,1,0.6811783052033213,1,0.4234375147493681,0.5765624852506319
S17_AC1_F121,17,1,121,0,0.3403445780277252,0,0.4255664348602295,0,0.38295550644397736,0,0.381140913337491,0,0.5212925788516063,0.47870742114839376
S17_AC1_F151,17,1,151,0,0.40592601895332336,0,0.8339200019836426,1,0.619923010468483,1,0.6454638523706808,1,0.4403242968011809,0.5596757031988192
S17_AC1_F31,17,1,31,0,0.48092353343963623,0,0.5124724507331848,1,0.4966979920864105,0,0.49664590488843285,0,0.5016509979563812,0.49834900204361887
S17_AC1_F61,17,1,61,0,0.4023068845272064,0,0.48147067427635193,0,0.4418887794017792,0,0.440322870698017,0,0.5197806182438235,0.48021938175617646
S17_AC1_F91,17,1,91,0,0.4579613208770752,0,0.37776198983192444,0,0.4178616553544998,0,0.41625453349545277,0,0.4799609069289828,0.5200390930710174
S17_AC5_F1,17,5,1,1,0.7669346332550049,1,0.6109334230422974,1,0.6889340281486511,1,0.6950058137649772,1,0.5389214007253349,0.46107859927466516
S17_AC5_F121,17,5,121,1,0.7916059494018555,1,0.6905248761177063,1,0.7410654127597809,1,0.7436175859294971,1,0.525248773947441,0.4747512260525591
S17_AC5_F31,17,5,31,1,0.7909430861473083,1,0.7380757331848145,1,0.7645094096660614,1,0.7652079862183362,1,0.5132137607262159,0.48678623927378406
S17_AC5_F61,17,5,61,1,0.849568247795105,1,0.5556918382644653,1,0.7026300430297852,1,0.7240668213399996,1,0.5729448761962617,0.42705512380373833
S17_AC5_F91,17,5,91,1,0.7731041312217712,1,0.6661830544471741,1,0.7196435928344727,1,0.7224989023313442,1,0.526704832975923,0.47329516702407715
S17_AC6_F1,17,6,1,1,0.3884942829608917,0,0.43243730068206787,0,0.4104657918214798,0,0.40998312228649186,0,0.5109839869908477,0.4890160130091525
S17_AC6_F121,17,6,121,1,0.5997401475906372,1,0.5832746624946594,1,0.5915074050426483,1,0.5915751815612633,1,0.5041162782766433,0.49588372172335676
S17_AC6_F151,17,6,151,1,0.6034566760063171,1,0.5778740644454956,1,0.5906653702259064,1,0.5908289788064958,1,0.5063953040994461,0.49360469590055384
S17_AC6_F31,17,6,31,1,0.7170883417129517,1,0.6073555946350098,1,0.6622219681739807,1,0.6652292700787641,1,0.527405692328538,0.472594307671462
S17_AC6_F61,17,6,61,1,0.8038086891174316,1,0.7427444458007812,1,0.7732765674591064,1,0.7742084883479291,1,0.5152613188701961,0.4847386811298039
S17_AC6_F91,17,6,91,1,0.5394558906555176,1,0.6450152397155762,1,0.5922355651855469,1,0.5950186754109937,1,0.47363464013155787,0.526365359868442
S17_AC7_F1,17,7,1,1,0.7563145756721497,1,0.7353075742721558,1,0.7458110749721527,1,0.745921394442193,1,0.5052515572279803,0.49474844277201957
S17_AC7_F121,17,7,121,1,0.8089615702629089,1,0.9267157912254333,1,0.8678386807441711,1,0.8713011948557381,1,0.4705954140474601,0.5294045859525399
S17_AC7_F151,17,7,151,1,0.8252350687980652,1,0.9201610684394836,1,0.8726980686187744,1,0.8749491148866405,1,0.4762863043173701,0.5237136956826299
S17_AC7_F181,17,7,181,1,0.825833797454834,1,0.9074848294258118,1,0.8666593134403229,1,0.8683251108244865,1,0.47959857525431276,0.5204014247456873
S17_AC7_F31,17,7,31,1,0.8391846418380737,1,0.9354307651519775,1,0.8873077034950256,1,0.8896217465246223,1,0.4759570261126317,0.5240429738873683
S17_AC7_F61,17,7,61,1,0.8953863382339478,1,0.9348675012588501,1,0.9151269197463989,1,0.9155165596931606,1,0.49013099116365955,0.5098690088363403
S17_AC7_F91,17,7,91,1,0.8267634510993958,1,0.9258671998977661,1,0.8763153254985809,1,0.8787687060830462,1,0.4752443210856055,0.5247556789143946
S17_AC8_F1,17,8,1,1,0.8553075790405273,1,0.6970185041427612,1,0.7761630415916443,1,0.7824138534476496,1,0.5394898501999743,0.46051014980002575
S17_AC8_F121,17,8,121,1,0.6510825157165527,1,0.519519031047821,1,0.5853007733821869,1,0.589621780129684,1,0.5328435109360108,0.4671564890639891
S17_AC8_F31,17,8,31,1,0.7539194822311401,1,0.7728492617607117,1,0.7633843719959259,1,0.7634739534591755,1,0.49526769642987567,0.5047323035701244
S17_AC8_F61,17,8,61,1,0.6151318550109863,1,0.777782678604126,1,0.6964572668075562,1,0.7030565469994546,1,0.4594267028834355,0.5405732971165647
S17_AC8_F91,17,8,91,1,0.3903753459453583,0,0.71562260389328,1,0.5529989749193192,1,0.5616097997714753,1,0.4735252960886305,0.5264747039113695
S17_AC9_F1,17,9,1,1,0.9104843139648438,1,0.8141871690750122,1,0.862335741519928,1,0.8646522367262957,1,0.52405569977197,0.4759443002280301
S17_AC9_F121,17,9,121,1,0.8734515905380249,1,0.9280058741569519,1,0.9007287323474884,1,0.9014725903346223,1,0.48636481064750414,0.513635189352496
S17_AC9_F151,17,9,151,1,0.8898817300796509,1,0.876812756061554,1,0.8833472430706024,1,0.8833899419833346,1,0.5032671970020749,0.49673280299792516
S17_AC9_F31,17,9,31,1,0.7674282789230347,1,0.8793990612030029,1,0.8234136700630188,1,0.8265447634386731,1,0.4720365142414976,0.5279634857585024
S17_AC9_F61,17,9,61,1,0.7016983032226562,1,0.9293018579483032,1,0.8155000805854797,1,0.8283953051044215,1,0.4433434836530315,0.5566565163469686
S17_AC9_F91,17,9,91,1,0.8959836959838867,1,0.8923120498657227,1,0.8941478729248047,1,0.8941512431673228,1,0.5009179104983464,0.49908208950165356
S21_AC1_F1,21,1,1,0,0.3559628129005432,0,0.30284178256988525,0,0.32940229773521423,0,0.32869700261429263,0,0.48672286443746676,0.5132771355625332
S21_AC1_F121,21,1,121,0,0.23679645359516144,0,0.22066950798034668,0,0.22873298078775406,0,0.22866796260318414,0,0.4959683509746448,0.5040316490253552
S21_AC1_F31,21,1,31,0,0.3972296714782715,0,0.3084096908569336,0,0.35281968116760254,0,0.35084872949254026,0,0.47780959125103895,0.522190408748961
S21_AC1_F61,21,1,61,0,0.40723246335983276,0,0.2073296308517456,0,0.3072810471057892,0,0.2973238976870836,0,0.45019005336853973,0.5498099466314603
S21_AC1_F91,21,1,91,0,0.4241824746131897,0,0.2691672742366791,0,0.3466748744249344,0,0.34067944723175414,0,0.461323617434818,0.538676382565182
S21_AC5_F1,21,5,1,1,0.7808211445808411,1,0.5153013467788696,1,0.6480612456798553,1,0.6655836121777303,1,0.5659926929853396,0.43400730701466034
S21_AC5_F121,21,5,121,1,0.8811060190200806,1,0.8804820775985718,1,0.8807940483093262,1,0.8807941456350474,1,0.5001559853503168,0.49984401464968325
S21_AC5_F31,21,5,31,1,0.9434472918510437,1,0.8834399580955505,1,0.9134436249732971,1,0.914343574964612,1,0.5149973334089765,0.48500266659102353
S21_AC5_F61,21,5,61,1,0.8550726175308228,1,0.5984405279159546,1,0.7267565727233887,1,0.7431318057967053,1,0.5638082053491098,0.4361917946508903
S21_AC5_F91,21,5,91,1,0.7195323705673218,1,0.6957007050514221,1,0.707616537809372,1,0.7077585181599595,1,0.5059576344126251,0.4940423655873748
S21_AC6_F1,21,6,1,1,0.8231011033058167,1,0.6289174556732178,1,0.7260092794895172,1,0.7354065913529177,1,0.5483939403650537,0.4516060596349462
S21_AC6_F121,21,6,121,1,0.8713830709457397,1,0.7877838611602783,1,0.829583466053009,1,0.8313296561554645,1,0.5208876388537239,0.4791123611462762
S21_AC6_F31,21,6,31,1,0.8693480491638184,1,0.6000567674636841,1,0.7347024083137512,1,0.7527230866547173,1,0.5669189073897789,0.43308109261022104
S21_AC6_F61,21,6,61,1,0.8535995483398438,1,0.5058173537254333,1,0.6797084510326385,1,0.709645425412028,1,0.5860796637751421,0.4139203362248578
S21_AC6_F91,21,6,91,1,0.8664276599884033,1,0.7900438904762268,1,0.8282357752323151,1,0.8296936865162415,1,0.5190866632170344,0.4809133367829655
S21_AC7_F1,21,7,1,1,0.8693944811820984,1,0.45310431718826294,0,0.6612493991851807,1,0.694524765597699,1,0.5799331074586984,0.42006689254130153
S21_AC7_F121,21,7,121,1,0.9527251720428467,1,0.6968923211097717,1,0.8248087465763092,1,0.8410826937272651,1,0.5636116397546342,0.4363883602453658
S21_AC7_F151,21,7,151,1,0.8442651033401489,1,0.6856769919395447,1,0.7649710476398468,1,0.7712454502171873,1,0.5395641421158672,0.46043585788413277
S21_AC7_F31,21,7,31,1,0.9806237816810608,1,0.6026965975761414,1,0.7916601896286011,1,0.8269484102232942,1,0.5933730678259346,0.4066269321740654
S21_AC7_F61,21,7,61,1,0.9555830955505371,1,0.689908504486084,1,0.8227458000183105,1,0.8402884836971422,1,0.566030716782305,0.43396928321769496
S21_AC7_F91,21,7,91,1,0.8756372332572937,1,0.6532011032104492,1,0.7644191682338715,1,0.7767378761433914,1,0.5553808767798901,0.44461912322010994
S21_AC8_F1,21,8,1,1,0.9303168058395386,1,0.46716073155403137,0,0.698738768696785,1,0.7441657930328375,1,0.5980814607821585,0.40191853921784154
S21_AC8_F121,21,8,121,1,0.8075931072235107,1,0.5055322051048279,1,0.6565626561641693,1,0.6792009862386267,1,0.5749462440046696,0.42505375599533024
S21_AC8_F151,21,8,151,1,0.8073447942733765,1,0.508389413356781,1,0.6578671038150787,1,0.6800457458693979,1,0.5741871311575648,0.42581286884243513
S21_AC8_F181,21,8,181,1,0.9338082671165466,1,0.5479036569595337,1,0.7408559620380402,1,0.7776312937236542,1,0.595296430044335,0.40470356995566514
S21_AC8_F31,21,8,31,1,0.9345435500144958,1,0.5503139495849609,1,0.7424287497997284,1,0.7788893819300374,1,0.5948928247317469,0.40510717526825313
S21_AC8_F61,21,8,61,1,0.5607063174247742,1,0.3341619372367859,0,0.44743412733078003,0,0.4414853539595719,0,0.4737412450210778,0.5262587549789223
S21_AC8_F91,21,8,91,1,0.8706713914871216,1,0.5044198632240295,1,0.6875456273555756,1,0.7207107675442601,1,0.5905529059386226,0.40944709406137725
S21_AC9_F1,21,9,1,1,0.9178072810173035,1,0.3988322913646698,0,0.6583197861909866,1,0.69906195542855,1,0.5785050725947956,0.4214949274052045
S21_AC9_F121,21,9,121,1,0.8126476407051086,1,0.5994676351547241,1,0.7060576379299164,1,0.7173762339133383,1,0.5530940786599555,0.4469059213400445
S21_AC9_F31,21,9,31,1,0.9060187935829163,1,0.5702462792396545,1,0.7381325364112854,1,0.7660564706483076,1,0.583163252035798,0.41683674796420195
S21_AC9_F61,21,9,61,1,0.8507338166236877,1,0.7299844026565552,1,0.7903591096401215,1,0.793999792400782,1,0.5301507281985771,0.46984927180142294
S21_AC9_F91,21,9,91,1,0.8225271105766296,1,0.5254362225532532,1,0.6739816665649414,1,0.6958865362291231,1,0.5737312066685066,0.4262687933314932
S4_AC1_F1,4,1,1,0,0.7445632815361023,1,0.5664424896240234,1,0.6555028855800629,1,0.6634137351215725,1,0.5444128361242327,0.4555871638757672
S4_AC1_F121,4,1,121,0,0.5400807857513428,1,0.4080362617969513,0,0.47405852377414703,0,0.47234619292762015,0,0.48703217070085925,0.5129678292991406
S4_AC1_F151,4,1,151,0,0.33069831132888794,0,0.6620731353759766,1,0.49638572335243225,0,0.4957868858158948,0,0.501807130454945,0.4981928695450551
S4_AC1_F31,4,1,31,0,0.46416568756103516,0,0.4096681475639343,0,0.43691691756248474,0,0.43617460580799483,0,0.4863789860142418,0.5136210139857582
S4_AC1_F61,4,1,61,0,0.5186006426811218,1,0.4607762098312378,0,0.4896884262561798,0,0.4893903063705606,0,0.4948443958561043,0.5051556041438958
S4_AC1_F91,4,1,91,0,0.38807740807533264,0,0.4615381062030792,0,0.42480775713920593,0,0.42345924497656995,0,0.5183569200539175,0.48164307994608246
S4_AC5_F1,4,5,1,1,0.8622227907180786,1,0.7202736735343933,1,0.791248232126236,1,0.7962771786763679,1,0.53542781138698,0.46457218861302
S4_AC5_F31,4,5,31,1,0.4561852812767029,0,0.7162672877311707,1,0.5862262845039368,1,0.5974115301126632,1,0.45699338927283856,0.5430066107271615
S4_AC5_F61,4,5,61,1,0.6317917704582214,1,0.6486979722976685,1,0.640244871377945,1,0.6403163245912176,1,0.4957735502065291,0.5042264497934709
S4_AC5_F91,4,5,91,1,0.5493447780609131,1,0.7928169965744019,1,0.6710808873176575,1,0.6858277913512177,1,0.43943085530005455,0.5605691446999455
S4_AC6_F1,4,6,1,1,0.6602857112884521,1,0.7232019901275635,1,0.6917438507080078,1,0.6927331389272755,1,0.4842761168091762,0.515723883190824
S4_AC6_F31,4,6,31,1,0.8015565872192383,1,0.9249811768531799,1,0.8632688820362091,1,0.8670724620659174,1,0.46918296393782455,0.5308170360621753
S4_AC6_F61,4,6,61,1,0.781189501285553,1,0.8778289556503296,1,0.8295092284679413,1,0.8318422091074924,1,0.4758589216496913,0.5241410783503087
S4_AC7_F1,4,7,1,1,0.31064221262931824,0,0.704997181892395,1,0.5078196972608566,1,0.5093615340708869,1,0.4960902310603277,0.5039097689396724
S4_AC7_F121,4,7,121,1,0.8792097568511963,1,0.8942715525627136,1,0.886740654706955,1,0.8867973680573178,1,0.49623462225559295,0.503765377744407
S4_AC7_F31,4,7,31,1,0.9027345180511475,1,0.8221755623817444,1,0.8624550402164459,1,0.8640765996869202,1,0.5201288541664925,0.4798711458335075
S4_AC7_F61,4,7,61,1,0.9535835981369019,1,0.9525914788246155,1,0.9530875384807587,1,0.9530877845559209,1,0.500248029807727,0.4997519701922731
S4_AC7_F91,4,7,91,1,0.9349337220191956,1,0.8953368663787842,1,0.9151352941989899,1,0.9155272207356533,1,0.5098979206890223,0.49010207931097777
S4_AC8_F1,4,8,1,1,0.652655839920044,1,0.6193318963050842,1,0.6359938681125641,1,0.6362714637287337,1,0.5083302150362853,0.49166978496371455
S4_AC8_F121,4,8,121,1,0.633694589138031,1,0.38954439759254456,0,0.5116194933652878,1,0.513037880297879,1,0.5058094852337113,0.49419051476628867
S4_AC8_F151,4,8,151,1,0.9413381814956665,1,0.7493510246276855,1,0.845344603061676,1,0.8545311701228251,1,0.547849904186384,0.45215009581361587
S4_AC8_F181,4,8,181,1,0.9282645583152771,1,0.8300545811653137,1,0.8791595697402954,1,0.8815689333883721,1,0.5245327788275296,0.4754672211724703
S4_AC8_F31,4,8,31,1,0.6269705295562744,1,0.7935066819190979,1,0.7102386057376862,1,0.7171561977586762,1,0.4584619199924891,0.5415380800075109
S4_AC8_F61,4,8,61,1,0.46221399307250977,0,0.8973975777626038,1,0.6798057854175568,1,0.7185137999465652,1,0.41105359693984433,0.5889464030601556
S4_AC8_F91,4,8,91,1,0.5564402937889099,1,0.7150781750679016,1,0.6357592344284058,1,0.6420375675926204,1,0.4604234933447383,0.5395765066552617
S4_AC9_F1,4,9,1,1,0.4302820861339569,0,0.4061189591884613,0,0.4182005226612091,0,0.4180545655866954,0,0.49395951215904293,0.5060404878409571
S4_AC9_F121,4,9,121,1,0.9587557911872864,1,0.8307055830955505,1,0.8947306871414185,1,0.8988243090734744,1,0.5319688815274961,0.468031118472504
S4_AC9_F151,4,9,151,1,0.944819450378418,1,0.644366979598999,1,0.7945932149887085,1,0.8169928850966379,1,0.5745531233270318,0.4254468766729682
S4_AC9_F181,4,9,181,1,0.8219379186630249,1,0.6488968729972839,1,0.7354173958301544,1,0.7428845733920334,1,0.5431526377637772,0.45684736223622285
S4_AC9_F31,4,9,31,1,0.8530908823013306,1,0.7832525968551636,1,0.8181717395782471,1,0.8193905907463817,1,0.5174524783984573,0.48254752160154274
S4_AC9_F61,4,9,61,1,0.9240972995758057,1,0.7324925065040588,1,0.8282949030399323,1,0.8374450257575695,1,0.5477551869707717,0.4522448130292283
S4_AC9_F91,4,9,91,1,0.8627093434333801,1,0.5333168506622314,1,0.6980130970478058,1,0.7248953301392528,1,0.5816115536370887,0.4183884463629113
S42_AC1_F1,42,1,1,0,0.559145450592041,1,0.2748236656188965,0,0.41698455810546875,0,0.40521004464616145,0,0.4585873679696422,0.5414126320303579
S42_AC1_F31,42,1,31,0,0.6473318934440613,1,0.32189229130744934,0,0.4846120923757553,0,0.48210837272183493,0,0.4923066534082432,0.5076933465917568
S42_AC1_F61,42,1,61,0,0.3809165358543396,0,0.2601887881755829,0,0.32055266201496124,0,0.3169132840617821,0,0.46985466868094716,0.5301453313190527
S42_AC1_F91,42,1,91,0,0.37633299827575684,0,0.2835676372051239,0,0.32995031774044037,0,0.32780050613365463,0,0.47682527635343513,0.5231747236465649
S42_AC5_F1,42,5,1,1,0.6273087859153748,1,0.550588071346283,1,0.5889484286308289,1,0.590419224278985,1,0.5191707761901994,0.48082922380980053
S42_AC5_F31,42,5,31,1,0.8801379203796387,1,0.4788268208503723,0,0.6794823706150055,1,0.7151147044944405,1,0.588789804022942,0.41121019597705805
S42_AC5_F61,42,5,61,1,0.8134627342224121,1,0.5761086940765381,1,0.6947857141494751,1,0.7088041977491157,1,0.5590614913949857,0.4409385086050142
S42_AC6_F1,42,6,1,1,0.7497164011001587,1,0.39882782101631165,0,0.5742721110582352,1,0.587278821137135,1,0.5370679207507746,0.46293207924922547
S42_AC6_F31,42,6,31,1,0.7578201293945312,1,0.3789805471897125,0,0.5684003382921219,1,0.5813365478953532,1,0.5341469323979914,0.4658530676020087
S42_AC6_F61,42,6,61,1,0.4951734244823456,0,0.4583839476108551,0,0.47677868604660034,0,0.4764403578032569,0,0.4908036680019872,0.5091963319980128
S42_AC7_F1,42,7,1,1,0.6989261507987976,1,0.7905382513999939,1,0.7447322010993958,1,0.7468289291010802,1,0.47711297974912786,0.5228870202508721
S42_AC7_F121,42,7,121,1,0.7895493507385254,1,0.6157599091529846,1,0.702654629945755,1,0.710186375351744,1,0.54333833711228,0.45666166288772
S42_AC7_F31,42,7,31,1,0.7443504333496094,1,0.6973627209663391,1,0.7208565771579742,1,0.7214084369053929,1,0.5117447672897378,0.4882552327102622
S42_AC7_F61,42,7,61,1,0.7366771697998047,1,0.6668062806129456,1,0.7017417252063751,1,0.7029617142094847,1,0.5174606193982565,0.4825393806017436
S42_AC7_F91,42,7,91,1,0.7096415162086487,1,0.5423953533172607,1,0.6260184347629547,1,0.6329950001348028,1,0.5417143523727882,0.4582856476272118
S42_AC8_F1,42,8,1,1,0.744282603263855,1,0.6197683215141296,1,0.6820254623889923,1,0.6858964140636246,1,0.5310884150816756,0.46891158491832446
S42_AC8_F121,42,8,121,1,0.5802680253982544,1,0.3860902786254883,0,0.48317915201187134,0,0.48154618883909994,0,0.491590369133893,0.508409630866107
S42_AC8_F31,42,8,31,1,0.7048122882843018,1,0.45412278175354004,0,0.5794675350189209,1,0.5894074585579012,1,0.5396503374893382,0.4603496625106618
S42_AC8_F61,42,8,61,1,0.6422044634819031,1,0.5598002076148987,1,0.6010023355484009,1,0.6026989909138942,1,0.5205894143165574,0.47941058568344247
S42_AC8_F91,42,8,91,1,0.41831329464912415,0,0.589910089969635,1,0.5041116923093796,1,0.5044644669331944,1,0.49794416543061953,0.5020558345693803
S42_AC9_F1,42,9,1,1,0.8371481895446777,1,0.443060040473938,0,0.6401041150093079,1,0.6675315757281287,1,0.5695972735630209,0.43040272643697913
S42_AC9_F121,42,9,121,1,0.7264383435249329,1,0.34970811009407043,0,0.5380732268095016,1,0.5452414313496917,1,0.519027420430024,0.4809725795699759
S42_AC9_F31,42,9,31,1,0.7575160264968872,1,0.3247374892234802,0,0.5411267578601837,1,0.5500211328014466,1,0.5205517930655694,0.4794482069344306
S42_AC9_F61,42,9,61,1,0.9556010365486145,1,0.49326813220977783,0,0.7244345843791962,1,0.7754624219472448,1,0.6103703350749424,0.38962966492505746
S42_AC9_F91,42,9,91,1,0.7778927683830261,1,0.5265936255455017,1,0.6522431969642639,1,0.6679484480907623,1,0.5624962383443243,0.4375037616556758
S8_AC1_F1,8,1,1,0,0.2924903929233551,0,0.5687022805213928,1,0.43059633672237396,0,0.42102663869597096,0,0.534646220731562,0.465353779268438
S8_AC1_F121,8,1,121,0,0.685845673084259,1,0.6260514259338379,1,0.6559485495090485,1,0.6568421212868469,1,0.5149441095152618,0.48505589048473813
S8_AC1_F151,8,1,151,0,0.7341660857200623,1,0.5163216590881348,1,0.6252438724040985,1,0.6370612240018534,1,0.5542467474631408,0.4457532525368592
S8_AC1_F181,8,1,181,0,0.6032275557518005,1,0.5265186429023743,1,0.5648730993270874,1,0.5663434427355083,1,0.5191678300969687,0.48083216990303124
S8_AC1_F211,8,1,211,0,0.779360830783844,1,0.7698667049407959,1,0.77461376786232,1,0.7746363022994329,1,0.5023735136320571,0.497626486367943
S8_AC1_F31,8,1,31,0,0.3424190282821655,0,0.4874265789985657,0,0.4149228036403656,0,0.40967519817795467,0,0.5361884980229339,0.4638115019770661
S8_AC1_F61,8,1,61,0,0.1909165233373642,0,0.4815002977848053,0,0.33620841056108475,0,0.31524597470456767,0,0.5721390445711502,0.42786095542884967
S8_AC1_F91,8,1,91,0,0.3877231478691101,0,0.5820292234420776,1,0.48487618565559387,0,0.4834069731649483,0,0.5075613306805423,0.49243866931945773
S8_AC5_F1,8,5,1,1,0.41704869270324707,0,0.3704438805580139,0,0.3937462866306305,0,0.3932033827642854,0,0.4883509053817599,0.5116490946182402
S8_AC5_F121,8,5,121,1,0.8616936802864075,1,0.5135959982872009,1,0.6876448392868042,1,0.7176356113599812,1,0.5861561958727589,0.41384380412724114
S8_AC5_F151,8,5,151,1,0.5987053513526917,1,0.6565013527870178,1,0.6276033520698547,1,0.6284382141320174,1,0.4855550203916552,0.5144449796083447
S8_AC5_F31,8,5,31,1,0.6538605093955994,1,0.7255026698112488,1,0.6896815896034241,1,0.690964190847764,1,0.48209711660147303,0.517902883398527
S8_AC5_F61,8,5,61,1,0.8378045558929443,1,0.5825316309928894,1,0.7101680934429169,1,0.7263712664142319,1,0.563473919052163,0.43652608094783696
S8_AC5_F91,8,5,91,1,0.8046618700027466,1,0.5681533813476562,1,0.6864076256752014,1,0.7003268698399316,1,0.5588530426281204,0.4411469573718795
S8_AC6_F1,8,6,1,1,0.7396311163902283,1,0.818680465221405,1,0.7791557908058167,1,0.7807171777119906,1,0.4802479472726765,0.5197520527273235
S8_AC6_F121,8,6,121,1,0.8871449828147888,1,0.7018390893936157,1,0.7944920361042023,1,0.803052123759064,1,0.5461943627200554,0.45380563727994466
S8_AC6_F151,8,6,151,1,0.5562664270401001,1,0.6416378021240234,1,0.5989521145820618,1,0.6007730766651134,1,0.47867010949206995,0.5213298905079302
S8_AC6_F31,8,6,31,1,0.8231631517410278,1,0.7669197916984558,1,0.7950414717197418,1,0.7958320922027764,1,0.5140571346099541,0.4859428653900459
S8_AC6_F61,8,6,61,1,0.8419941067695618,1,0.6885405778884888,1,0.7652673423290253,1,0.7711428136069436,1,0.5382882773746557,0.4617117226253444
S8_AC6_F91,8,6,91,1,0.7155553102493286,1,0.5963014364242554,1,0.655928373336792,1,0.659479537370304,1,0.5297781859792747,0.47022181402072527
S8_AC7_F1,8,7,1,1,0.591240644454956,1,0.5276910066604614,1,0.5594658255577087,1,0.5604751250204503,1,0.515882064757087,0.48411793524291297
S8_AC7_F121,8,7,121,1,0.880311131477356,1,0.6637425422668457,1,0.7720268368721008,1,0.7837067102354984,1,0.553931520752737,0.44606847924726306
S8_AC7_F31,8,7,31,1,0.9321103096008301,1,0.7958021759986877,1,0.8639562427997589,1,0.868594041022202,1,0.5340243689050854,0.46597563109491463
S8_AC7_F61,8,7,61,1,0.9258719086647034,1,0.7385996580123901,1,0.8322357833385468,1,0.8409779725258133,1,0.5466817115553186,0.4533182884446814
S8_AC7_F91,8,7,91,1,0.9352198839187622,1,0.764620304107666,1,0.8499200940132141,1,0.85717855239247,1,0.5425467541437861,0.45745324585621394
S8_AC8_F1,8,8,1,1,0.40835773944854736,0,0.49523600935935974,0,0.45179687440395355,0,0.4499111019338582,0,0.5217059164740651,0.478294083525935
S8_AC8_F121,8,8,121,1,0.5858784914016724,1,0.6614236831665039,1,0.6236510872840881,1,0.6250771781142255,1,0.4811226790637226,0.5188773209362775
S8_AC8_F151,8,8,151,1,0.6064439415931702,1,0.6043341159820557,1,0.6053890287876129,1,0.6053901416282274,1,0.5005274562071202,0.49947254379287964
S8_AC8_F181,8,8,181,1,0.5397776365280151,1,0.4144977629184723,0,0.4771376997232437,0,0.4757058561376173,0,0.48857084107468757,0.5114291589253126
S8_AC8_F31,8,8,31,1,0.6484239101409912,1,0.6299062967300415,1,0.6391651034355164,1,0.6392508264875894,1,0.5046292710712986,0.49537072892870154
S8_AC8_F61,8,8,61,1,0.5410467982292175,1,0.5981780886650085,1,0.569612443447113,1,0.5704282176563766,1,0.48572106103256135,0.5142789389674386
S8_AC8_F91,8,8,91,1,0.5360841751098633,1,0.5965362191200256,1,0.5663101971149445,1,0.5672235313936265,1,0.4848915897942447,0.5151084102057554
S8_AC9_F1,8,9,1,1,0.7559726238250732,1,0.703801691532135,1,0.7298871576786041,1,0.7305674549265777,1,0.5130397755622562,0.4869602244377437
S8_AC9_F121,8,9,121,1,0.8557390570640564,1,0.869631290435791,1,0.8626851737499237,1,0.8627334215109785,1,0.49652699751264967,0.5034730024873503
S8_AC9_F151,8,9,151,1,0.8151736259460449,1,0.681338369846344,1,0.7482559978961945,1,0.7527272947221518,1,0.5334089608094482,0.4665910391905518
S8_AC9_F31,8,9,31,1,0.8771572113037109,1,0.8179945945739746,1,0.8475759029388428,1,0.8484507015930076,1,0.5147863414858929,0.4852136585141071
S8_AC9_F61,8,9,61,1,0.847050666809082,1,0.8381547331809998,1,0.8426026999950409,1,0.8426224842733465,1,0.5022239687404044,0.4977760312595957
S8_AC9_F91,8,9,91,1,0.901758074760437,1,0.742794394493103,1,0.82227623462677,1,0.8285803280433637,1,0.5396574450590967,0.46034255494090337
