model,metric,seed42,seed43,seed44,mean,std,min,max
Front,Test Macro F1,0.76626,0.72049,0.7594,0.7487166666666667,0.024684477578699834,0.72049,0.76626
Front,Safe Recall,0.6,0.65,0.65,0.6333333333333333,0.028867513459481315,0.6,0.65
Front,Phone Recall,0.92222,0.85,0.89444,0.8888866666666667,0.03642885852361196,0.85,0.92222
Front,ROC-AUC,0.88014,0.84347,0.82486,0.84949,0.028127387009816603,0.82486,0.88014
Front,PR-AUC,0.97075,0.95876,0.94716,0.9588899999999999,0.01179553729170486,0.94716,0.97075
Front,ECE,0.12513,0.16235,0.1289,0.13879333333333332,0.020487572655962284,0.12513,0.16235
Front,Brier,0.11311,0.13921,0.12365,0.12532333333333334,0.013130214519699718,0.11311,0.13921
Side,Test Macro F1,0.67468,0.66353,0.70213,0.6801133333333333,0.019865317347914056,0.66353,0.70213
Side,Safe Recall,0.475,0.6,0.6,0.5583333333333332,0.07216878364870322,0.475,0.6
Side,Phone Recall,0.87778,0.8,0.85,0.8425933333333333,0.03941543014269071,0.8,0.87778
Side,ROC-AUC,0.75444,0.73778,0.80014,0.76412,0.03228729161760086,0.73778,0.80014
Side,PR-AUC,0.92515,0.91933,0.94644,0.9303066666666666,0.014271700435944295,0.91933,0.94644
Side,ECE,0.16761,0.20334,0.12627,0.16574,0.038569014765741684,0.12627,0.20334
Side,Brier,0.15333,0.1777,0.1397,0.15691,0.019251293463037753,0.1397,0.1777
Average Fusion,Test Macro F1,0.81113,0.74028,0.76626,0.7725566666666667,0.035842246488373634,0.74028,0.81113
Average Fusion,Safe Recall,0.625,0.575,0.6,0.6,0.025000000000000022,0.575,0.625
Average Fusion,Phone Recall,0.95556,0.90556,0.92222,0.9277799999999999,0.025459481534391034,0.90556,0.95556
Average Fusion,ROC-AUC,0.86292,0.83736,0.84736,0.8492133333333333,0.012880393368734267,0.83736,0.86292
Average Fusion,PR-AUC,0.96236,0.95286,0.95702,0.9574133333333333,0.004762198371900642,0.95286,0.96236
Average Fusion,ECE,0.17916,0.19494,0.14072,0.17160666666666669,0.027888021323380637,0.14072,0.19494
Average Fusion,Brier,0.12341,0.14978,0.12131,0.1315,0.01586572721308418,0.12131,0.14978
Adaptive Fusion,Test Macro F1,0.81113,0.74028,0.76626,0.7725566666666667,0.035842246488373634,0.74028,0.81113
Adaptive Fusion,Safe Recall,0.625,0.575,0.6,0.6,0.025000000000000022,0.575,0.625
Adaptive Fusion,Phone Recall,0.95556,0.90556,0.92222,0.9277799999999999,0.025459481534391034,0.90556,0.95556
Adaptive Fusion,ROC-AUC,0.865,0.84042,0.84833,0.85125,0.012547465879610926,0.84042,0.865
Adaptive Fusion,PR-AUC,0.96329,0.95434,0.95745,0.95836,0.004543863994443498,0.95434,0.96329
Adaptive Fusion,ECE,0.17159,0.18907,0.13498,0.16521333333333332,0.027603051159850667,0.13498,0.18907
Adaptive Fusion,Brier,0.12028,0.14679,0.11934,0.12880333333333335,0.015583999272758369,0.11934,0.14679
Front,Train-Val F1 Gap,-0.02652,0.05985,0.10581,0.046380000000000005,0.0671854738764266,-0.02652,0.10581
Side,Train-Val F1 Gap,0.10775,-0.02259,0.00733,0.03083,0.0682738339336528,-0.02259,0.10775
