seed,model,train_macro_f1,val_macro_f1,train_val_f1_gap,train_loss,val_loss,train_val_loss_gap,best_epoch,test_accuracy,test_macro_f1,macro_precision,macro_recall,safe_precision,safe_recall,safe_f1,phone_precision,phone_recall,phone_f1,roc_auc,pr_auc,ece,brier,tn,fp,fn,tp
42,front,0.69929,0.72581,-0.02652,0.47353,0.51736,0.04383,9,0.86364,0.76626,0.77183,0.76111,0.63158,0.6,0.61538,0.91209,0.92222,0.91713,0.88014,0.97075,0.12513,0.11311,24,16,14,166
42,side,0.79013,0.68238,0.10775,0.3948,0.50217,0.10738,26,0.80455,0.67468,0.67305,0.67639,0.46341,0.475,0.46914,0.88268,0.87778,0.88022,0.75444,0.92515,0.16761,0.15333,19,21,22,158
42,average_fusion,,,,,,,,0.89545,0.81113,0.83868,0.79028,0.75758,0.625,0.68493,0.91979,0.95556,0.93733,0.86292,0.96236,0.17916,0.12341,25,15,8,172
42,adaptive_fusion,,,,,,,,0.89545,0.81113,0.83868,0.79028,0.75758,0.625,0.68493,0.91979,0.95556,0.93733,0.865,0.96329,0.17159,0.12028,25,15,8,172
43,front,0.72313,0.66329,0.05985,0.44484,0.50045,0.05562,13,0.81364,0.72049,0.70337,0.75,0.49057,0.65,0.55914,0.91617,0.85,0.88184,0.84347,0.95876,0.16235,0.13921,26,14,27,153
43,side,0.67189,0.69447,-0.02259,0.50707,0.52728,0.02021,14,0.76364,0.66353,0.65,0.7,0.4,0.6,0.48,0.9,0.8,0.84706,0.73778,0.91933,0.20334,0.1777,24,16,36,144
43,average_fusion,,,,,,,,0.84545,0.74028,0.74028,0.74028,0.575,0.575,0.575,0.90556,0.90556,0.90556,0.83736,0.95286,0.19494,0.14978,23,17,17,163
43,adaptive_fusion,,,,,,,,0.84545,0.74028,0.74028,0.74028,0.575,0.575,0.575,0.90556,0.90556,0.90556,0.84042,0.95434,0.18907,0.14679,23,17,17,163
44,front,0.73299,0.62719,0.10581,0.45384,0.55147,0.09763,9,0.85,0.7594,0.74889,0.77222,0.57778,0.65,0.61176,0.92,0.89444,0.90704,0.82486,0.94716,0.1289,0.12365,26,14,19,161
44,side,0.73409,0.72676,0.00733,0.43036,0.48299,0.05263,13,0.80455,0.70213,0.68796,0.725,0.47059,0.6,0.52747,0.90533,0.85,0.87679,0.80014,0.94644,0.12627,0.1397,24,16,27,153
44,average_fusion,,,,,,,,0.86364,0.76626,0.77183,0.76111,0.63158,0.6,0.61538,0.91209,0.92222,0.91713,0.84736,0.95702,0.14072,0.12131,24,16,14,166
44,adaptive_fusion,,,,,,,,0.86364,0.76626,0.77183,0.76111,0.63158,0.6,0.61538,0.91209,0.92222,0.91713,0.84833,0.95745,0.13498,0.11934,24,16,14,166
