Parameter,Experiment 18,Experiment 20,Status
seed,42,42,EXACT MATCH
stride,30,30,EXACT MATCH
subject split IDs,"{""train"":[5,6,7,9,12,13,14,16,18,19,23,24,25,26,28,29,30,31,32,33,34,35,36,37,38,39,40,43,44,45,46,47,48,49,50],""val"":[1,2,3,15,20,22,27,41],""test"":[4,8,10,11,17,21,42]}","{""train"":[5,6,7,9,12,13,14,16,18,19,23,24,25,26,28,29,30,31,32,33,34,35,36,37,38,39,40,43,44,45,46,47,48,49,50],""val"":[1,2,3,15,20,22,27,41],""test"":[4,8,10,11,17,21,42]}",EXACT MATCH
sample counts stride 30,"{""front_train"":1084,""front_val"":225,""front_test"":220,""side_train"":1084,""side_val"":225,""side_test"":220}","{""front_train"":1084,""front_val"":225,""front_test"":220,""side_train"":1084,""side_val"":225,""side_test"":220}",EXACT MATCH
image size,224,224,EXACT MATCH
batch size,32,32,EXACT MATCH
max epochs,30,30,EXACT MATCH
architecture,"""EfficientNetV2-S""","""EfficientNetV2-S""",EXACT MATCH
pretrained,true,true,EXACT MATCH
optimizer,"""AdamW""","""AdamW""",EXACT MATCH
Front LR,3e-05,3e-05,EXACT MATCH
Front WD,0.0005,0.0005,EXACT MATCH
Front dropout,0.4,0.4,EXACT MATCH
Front freeze,5,5,EXACT MATCH
Front checkpoint monitor,"""val_macro_f1""","""val_macro_f1""",EXACT MATCH
Side LR,2e-05,2e-05,EXACT MATCH
Side WD,0.001,0.001,EXACT MATCH
Side dropout,0.4,0.5,INTENTIONAL DIFFERENCE
Side freeze,4,4,EXACT MATCH
Side checkpoint monitor,"""val_loss""","""val_loss""",EXACT MATCH
label smoothing,0.0,0.0,EXACT MATCH
class weights,"[2.5,1.0]","[2.5,1.0]",EXACT MATCH
Front gamma,1.0,1.0,EXACT MATCH
Side gamma,1.0,1.0,EXACT MATCH
Front augmentation,"{""random_horizontal_flip"":true,""random_rotation_degree"":68,""color_jitter_factor"":1.2}","{""random_horizontal_flip"":true,""random_rotation_degree"":68,""color_jitter_factor"":1.2}",EXACT MATCH
Side augmentation,"{""random_horizontal_flip"":true,""random_rotation_degree"":45,""color_jitter_factor"":0.8}","{""random_horizontal_flip"":true,""random_rotation_degree"":45,""color_jitter_factor"":0.8}",EXACT MATCH
scheduler,"""ReduceLROnPlateau""","""ReduceLROnPlateau""",EXACT MATCH
scheduler factor,0.5,0.5,EXACT MATCH
Front scheduler patience,1,1,EXACT MATCH
Side scheduler patience,2,2,EXACT MATCH
Front early stopping,4,4,EXACT MATCH
Side early stopping,5,5,EXACT MATCH
loss,"""CrossEntropyLoss""","""CrossEntropyLoss""",EXACT MATCH
threshold,0.5,0.5,EXACT MATCH
fusion implementation,"""average=0.5*front+0.5*side; adaptive=confidence softmax abs(prob-threshold)""","""average=0.5*front+0.5*side; adaptive=confidence softmax abs(prob-threshold)""",EXACT MATCH
standalone checkpoint source,"""runner uses experiment-local checkpoints; no parent checkpoint path""","""runner uses experiment-local checkpoints; no parent checkpoint path""",EXACT MATCH
output folder reset,"""archive preserved current experiment_20; outputs/checkpoints empty before run except .gitkeep and pre-run audit""","""archive preserved current experiment_20; outputs/checkpoints empty before run except .gitkeep and pre-run audit""",VERIFIED
seed runtime mechanism,"""seed_everything(SPLIT_SEED) before get_all_dataloaders and build_model; random/numpy/torch/torch.cuda seeded""","""same copied source flow""",EXACT MATCH VERIFIED IN SOURCE FLOW
