epoch,train_loss,train_accuracy,train_macro_f1,train_precision_macro,train_recall_macro,val_loss,val_accuracy,val_macro_f1,val_precision_macro,val_recall_macro,f1_gap,loss_gap,learning_rate,epoch_seconds
1,0.68783,0.75189,0.51503,0.5174,0.51473,0.61984,0.84444,0.45783,0.42411,0.49738,0.0572,-0.06799,2e-05,15.99
2,0.66351,0.75663,0.50487,0.50647,0.50539,0.61456,0.82222,0.45122,0.42237,0.48429,0.05365,-0.04896,2e-05,9.88
3,0.62094,0.77083,0.52726,0.53327,0.52594,0.61117,0.82667,0.47671,0.49574,0.499,0.05054,-0.00976,2e-05,9.79
4,0.61543,0.78977,0.54298,0.55656,0.53958,0.60593,0.82667,0.45255,0.42273,0.48691,0.09043,-0.0095,2e-05,9.77
5,0.60473,0.79072,0.56949,0.58196,0.5636,0.59085,0.84444,0.45783,0.42411,0.49738,0.11165,-0.01389,2e-05,9.79
6,0.57667,0.81155,0.59157,0.61765,0.5809,0.58139,0.84,0.45652,0.42377,0.49476,0.13504,0.00472,1e-05,9.74
7,0.56428,0.80303,0.58905,0.60919,0.57991,0.57795,0.84889,0.58836,0.68427,0.57253,0.0007,0.01367,1e-05,9.81
8,0.56642,0.80208,0.60596,0.61664,0.59884,0.57338,0.84889,0.53354,0.67922,0.53626,0.07243,0.00696,1e-05,9.78
9,0.54957,0.83049,0.63911,0.67368,0.62209,0.56865,0.85333,0.62212,0.70476,0.59932,0.01699,0.01908,1e-05,9.79
10,0.54512,0.82292,0.62075,0.64875,0.60687,0.56729,0.87111,0.71715,0.7525,0.69441,-0.0964,0.02217,1e-05,9.79
11,0.50576,0.82481,0.65306,0.66258,0.6455,0.56054,0.87556,0.71447,0.76892,0.68494,-0.06141,0.05478,1e-05,9.78
12,0.53423,0.8267,0.64151,0.66624,0.62724,0.54875,0.88444,0.7427,0.78856,0.71435,-0.10119,0.01452,1e-05,9.88
13,0.49931,0.82955,0.65973,0.67602,0.64825,0.55967,0.84889,0.71241,0.70767,0.71759,-0.05267,0.06036,1e-05,10.06
14,0.51615,0.81913,0.64368,0.65759,0.63389,0.53427,0.88,0.73666,0.775,0.71173,-0.09298,0.01811,1e-05,10.06
15,0.48501,0.84754,0.70578,0.71794,0.69587,0.53991,0.88,0.75724,0.76779,0.748,-0.05147,0.0549,1e-05,10.1
16,0.48325,0.82481,0.67023,0.67696,0.66446,0.53097,0.85778,0.72282,0.72282,0.72282,-0.05259,0.04772,1e-05,9.94
17,0.46293,0.85133,0.71876,0.725,0.71314,0.52459,0.86222,0.73468,0.73195,0.73753,-0.01592,0.06166,1e-05,9.93
18,0.43267,0.86553,0.75228,0.75471,0.74995,0.51556,0.87111,0.74572,0.74882,0.74276,0.00656,0.0829,5e-06,10.0
19,0.44828,0.86458,0.74876,0.75305,0.74473,0.51429,0.83111,0.70533,0.6886,0.73129,0.04342,0.06601,5e-06,9.88
20,0.422,0.86742,0.76351,0.75785,0.76967,0.50778,0.85778,0.72282,0.72282,0.72282,0.04069,0.08578,5e-06,9.87
21,0.42589,0.86648,0.75345,0.75527,0.75167,0.50681,0.82222,0.68983,0.67447,0.71397,0.06362,0.08092,2.5e-06,10.07
22,0.40914,0.87784,0.78061,0.77511,0.78655,0.51567,0.80444,0.67799,0.66,0.71558,0.10263,0.10653,2.5e-06,9.75
23,0.41379,0.86269,0.74524,0.75073,0.74019,0.51441,0.81333,0.68684,0.66879,0.72082,0.05841,0.10063,2.5e-06,9.83
24,0.40627,0.86742,0.76351,0.75267,0.77638,0.51341,0.79556,0.6751,0.65643,0.72244,0.08841,0.10713,1.25e-06,9.83
25,0.4085,0.86458,0.75457,0.75399,0.75516,0.50241,0.81333,0.68684,0.66879,0.72082,0.06774,0.09391,1.25e-06,9.73
26,0.3948,0.88447,0.79013,0.7875,0.79285,0.50217,0.80889,0.68238,0.66431,0.7182,0.10775,0.10738,1.25e-06,9.87
27,0.42705,0.86648,0.75911,0.75852,0.7597,0.50756,0.79111,0.67086,0.65267,0.71982,0.08825,0.08051,6.25e-07,9.85
28,0.41742,0.85227,0.73287,0.73078,0.73505,0.50466,0.82222,0.68983,0.67447,0.71397,0.04305,0.08724,6.25e-07,9.83
29,0.40019,0.8589,0.74998,0.7422,0.75885,0.5138,0.78667,0.66667,0.64904,0.7172,0.08331,0.11361,6.25e-07,9.84
30,0.39814,0.86364,0.75783,0.74927,0.76767,0.50294,0.82667,0.7006,0.68333,0.72867,0.05723,0.1048,3.125e-07,9.85
