Experiment,Exp,Stride,Seed,image_size,batch_size,max_epochs,train_subject_count,val_subject_count,test_subject_count,train_sample_count,val_sample_count,test_sample_count,Front Train Macro F1,Front Val Macro F1,Front Train-Val F1 Gap,Side Train Macro F1,Side Val Macro F1,Side Train-Val F1 Gap,Front Best Epoch,Side Best Epoch,Front Test accuracy,Front Test macro_f1,Front Test macro_precision,Front Test macro_recall,Front Test safe_recall,Front Test phone_recall,Front Test roc_auc,Front Test pr_auc,Front Test ece,Front Test brier,Front Test cm,Side Test accuracy,Side Test macro_f1,Side Test macro_precision,Side Test macro_recall,Side Test safe_recall,Side Test phone_recall,Side Test roc_auc,Side Test pr_auc,Side Test ece,Side Test brier,Side Test cm,Average Fusion accuracy,Average Fusion macro_f1,Average Fusion macro_precision,Average Fusion macro_recall,Average Fusion safe_recall,Average Fusion phone_recall,Average Fusion roc_auc,Average Fusion pr_auc,Average Fusion ece,Average Fusion brier,Average Fusion cm,Adaptive Fusion accuracy,Adaptive Fusion macro_f1,Adaptive Fusion macro_precision,Adaptive Fusion macro_recall,Adaptive Fusion safe_recall,Adaptive Fusion phone_recall,Adaptive Fusion roc_auc,Adaptive Fusion pr_auc,Adaptive Fusion ece,Adaptive Fusion brier,Adaptive Fusion cm,Front learning_rate,Front weight_decay,Front dropout,Front freeze_stage,Front label_smoothing,Front class_weight,Front class_weight_gamma,Front rotation,Front color_jitter,Front scheduler,Front scheduler_patience,Front early_stopping_patience,Front checkpoint_monitor,Side learning_rate,Side weight_decay,Side dropout,Side freeze_stage,Side label_smoothing,Side class_weight,Side class_weight_gamma,Side rotation,Side color_jitter,Side scheduler,Side scheduler_patience,Side early_stopping_patience,Side checkpoint_monitor
experiment_1,Exp1,15,42,224,32,30,35,8,7,2067,431,419,0.98541,0.88682,0.09859,0.60001,0.75748,-0.15748,6,1,0.91647,0.83759,0.91022,0.79534,0.60526,0.98542,0.91725,0.97108,0.05595,0.07046,"[[46,30],[5,338]]",0.84487,0.61415,0.81849,0.59285,0.19737,0.98834,0.86205,0.9648,0.057,0.10987,"[[15,61],[4,339]]",0.90931,0.81773,0.91095,0.77048,0.55263,0.98834,0.92401,0.97919,0.06113,0.07684,"[[42,34],[4,339]]",0.90931,0.81773,0.91095,0.77048,0.55263,0.98834,0.92424,0.97927,0.05217,0.07602,"[[42,34],[4,339]]",0.0001,0.0,0.3,0,0.0,NA,,,,,,,val_macro_f1,0.0001,0.0,0.3,0,0.0,NA,,,,,,,val_macro_f1
experiment_2,Exp2,15,42,224,32,30,35,8,7,2067,431,419,0.9991,0.88748,0.11162,0.96582,0.86057,0.10524,17,8,0.8926,0.78267,0.87142,0.7398,0.5,0.97959,0.9016,0.97081,0.07508,0.08615,"[[38,38],[7,336]]",0.89021,0.78792,0.84655,0.7537,0.53947,0.96793,0.88461,0.96497,0.06993,0.08914,"[[41,35],[11,332]]",0.91408,0.83402,0.90144,0.79389,0.60526,0.98251,0.90463,0.96989,0.06527,0.07758,"[[46,30],[6,337]]",0.91408,0.83402,0.90144,0.79389,0.60526,0.98251,0.90483,0.96993,0.06046,0.07723,"[[46,30],[6,337]]",0.0001,0.0001,0.3,4,0.0,"[3.1036036036036037,0.5960207612456747]",1.0,10,0.2,ReduceLROnPlateau,2,5,val_macro_f1,0.0001,0.0001,0.3,4,0.0,"[3.1036036036036037,0.5960207612456747]",1.0,10,0.2,ReduceLROnPlateau,2,5,val_macro_f1
experiment_3,Exp3,15,42,224,32,30,35,8,7,2067,431,419,0.98037,0.84723,0.13314,0.95571,0.79949,0.15622,8,4,0.88067,0.75341,0.84906,0.71202,0.44737,0.97668,0.90674,0.97443,0.05571,0.0856,"[[34,42],[8,335]]",0.90215,0.81679,0.86207,0.7866,0.60526,0.96793,0.89796,0.97097,0.02816,0.0786,"[[46,30],[11,332]]",0.91169,0.82372,0.91309,0.77706,0.56579,0.98834,0.91399,0.97534,0.04809,0.07273,"[[43,33],[4,339]]",0.91169,0.82372,0.91309,0.77706,0.56579,0.98834,0.91511,0.97567,0.0427,0.07176,"[[43,33],[4,339]]",5e-05,0.0001,0.3,2,0.0,"[3.1036036036036037,0.5960207612456747]",1.0,10,0.2,ReduceLROnPlateau,2,5,val_macro_f1,5e-05,0.0001,0.3,2,0.0,"[3.1036036036036037,0.5960207612456747]",1.0,10,0.2,ReduceLROnPlateau,2,5,val_macro_f1
experiment_4,Exp4,15,42,224,32,30,35,8,7,2067,431,419,0.94402,0.80977,0.13425,0.9937,0.83752,0.15619,6,16,0.90692,0.82133,0.88218,0.78439,0.59211,0.97668,0.91595,0.97722,0.03527,0.0744,"[[45,31],[8,335]]",0.88783,0.8121,0.81053,0.8137,0.69737,0.93003,0.88215,0.96476,0.05509,0.08814,"[[53,23],[24,319]]",0.91885,0.85253,0.88574,0.82753,0.68421,0.97085,0.92389,0.97905,0.04259,0.06783,"[[52,24],[10,333]]",0.91885,0.85253,0.88574,0.82753,0.68421,0.97085,0.9237,0.97903,0.03684,0.06655,"[[52,24],[10,333]]",5e-05,0.0005,0.5,4,0.0,"[3.1036036036036037,0.5960207612456747]",1.0,15,0.3,ReduceLROnPlateau,2,5,val_macro_f1,5e-05,0.0005,0.5,4,0.0,"[3.1036036036036037,0.5960207612456747]",1.0,15,0.3,ReduceLROnPlateau,2,5,val_macro_f1
experiment_5,Exp5,15,42,224,32,30,35,8,7,2067,431,419,0.83815,0.77469,0.06346,0.56073,0.58956,-0.02883,27,4,0.86158,0.78785,0.76746,0.81815,0.75,0.8863,0.89301,0.96653,0.16189,0.11723,"[[57,19],[39,304]]",0.70883,0.54586,0.54396,0.55073,0.30263,0.79883,0.61719,0.88183,0.2445,0.20569,"[[23,53],[69,274]]",0.87351,0.79023,0.78602,0.79471,0.67105,0.91837,0.88837,0.95848,0.23716,0.14552,"[[51,25],[28,315]]",0.87351,0.79023,0.78602,0.79471,0.67105,0.91837,0.88994,0.9598,0.21873,0.1396,"[[51,25],[28,315]]",5e-06,0.0005,0.5,4,0.0,"[3.1036036036036037,0.5960207612456747]",1.0,15,0.3,ReduceLROnPlateau,2,5,val_macro_f1,5e-06,0.0005,0.5,4,0.0,"[3.1036036036036037,0.5960207612456747]",1.0,15,0.3,ReduceLROnPlateau,2,5,val_macro_f1
experiment_6,Exp6,15,42,224,32,30,35,8,7,2067,431,419,0.52106,0.63648,-0.11541,0.53961,0.62099,-0.08138,4,11,0.74702,0.55558,0.55851,0.55357,0.25,0.85714,0.65084,0.88648,0.22581,0.19422,"[[19,57],[49,294]]",0.72315,0.57932,0.57475,0.59021,0.38158,0.79883,0.65229,0.89414,0.24474,0.19943,"[[29,47],[69,274]]",0.7852,0.60963,0.62072,0.6025,0.31579,0.88921,0.70619,0.89716,0.23299,0.19265,"[[24,52],[38,305]]",0.7852,0.60963,0.62072,0.6025,0.31579,0.88921,0.7088,0.89964,0.23044,0.19101,"[[24,52],[38,305]]",5e-06,0.001,0.6,5,0.0,"[3.1036036036036037,0.5960207612456747]",1.0,20,0.4,ReduceLROnPlateau,2,5,val_macro_f1,5e-06,0.001,0.6,5,0.0,"[3.1036036036036037,0.5960207612456747]",1.0,20,0.4,ReduceLROnPlateau,2,5,val_macro_f1
experiment_7,Exp7,15,42,224,32,30,35,8,7,2067,431,419,0.49662,0.59678,-0.10016,0.50386,0.55419,-0.05033,3,6,0.72792,0.55968,0.5578,0.56239,0.30263,0.82216,0.61593,0.8726,0.24486,0.20643,"[[23,53],[61,282]]",0.60621,0.51949,0.54035,0.56487,0.5,0.62974,0.59843,0.87344,0.28981,0.23083,"[[38,38],[127,216]]",0.73031,0.59192,0.58625,0.60482,0.40789,0.80175,0.65859,0.87439,0.26734,0.2145,"[[31,45],[68,275]]",0.73031,0.59192,0.58625,0.60482,0.40789,0.80175,0.66135,0.87666,0.26626,0.21328,"[[31,45],[68,275]]",5e-06,0.01,0.6,5,0.1,"[5.15,1.0]",1.0,20,0.4,ReduceLROnPlateau,2,5,val_macro_f1,5e-06,0.01,0.6,3,0.1,"[5.15,1.0]",1.0,20,0.4,ReduceLROnPlateau,2,5,val_macro_f1
experiment_8,Exp8,15,42,224,32,30,35,8,7,2067,431,419,0.91425,0.81451,0.09973,0.93404,0.81547,0.11857,6,14,0.92124,0.85931,0.88431,0.83923,0.71053,0.96793,0.94395,0.98482,0.13342,0.08109,"[[54,22],[11,332]]",0.86874,0.78012,0.77871,0.78155,0.64474,0.91837,0.85944,0.95059,0.12957,0.11099,"[[49,27],[28,315]]",0.92601,0.87074,0.8859,0.85751,0.75,0.96501,0.93532,0.98248,0.15563,0.08617,"[[57,19],[12,331]]",0.92601,0.87074,0.8859,0.85751,0.75,0.96501,0.93356,0.98196,0.14862,0.0839,"[[57,19],[12,331]]",5e-05,0.0005,0.5,4,0.1,"[2.5,1.0]",1.0,20,0.4,ReduceLROnPlateau,2,5,val_macro_f1,2e-05,0.0005,0.5,3,0.1,"[2.5,1.0]",1.0,20,0.4,ReduceLROnPlateau,2,5,val_macro_f1
experiment_9,Exp9,30,42,224,32,30,35,8,7,1084,225,220,0.92316,0.78603,0.13713,0.60526,0.69447,-0.08922,13,4,0.9,0.8213,0.84472,0.80278,0.65,0.95556,0.93014,0.98268,0.13656,0.09114,"[[26,14],[8,172]]",0.76818,0.57174,0.58193,0.56667,0.25,0.88333,0.66694,0.90324,0.21316,0.18523,"[[10,30],[21,159]]",0.89091,0.7861,0.85488,0.74861,0.525,0.97222,0.91736,0.97641,0.20309,0.12405,"[[21,19],[5,175]]",0.89091,0.7861,0.85488,0.74861,0.525,0.97222,0.92153,0.97862,0.19102,0.11842,"[[21,19],[5,175]]",5e-05,0.0005,0.5,4,0.1,"[2.5,1.0]",1.0,20,0.4,ReduceLROnPlateau,2,5,val_macro_f1,2e-05,0.0005,0.5,3,0.1,"[2.5,1.0]",1.0,20,0.4,ReduceLROnPlateau,2,5,val_macro_f1
experiment_10,Exp10,30,42,224,32,30,35,8,7,1084,225,220,0.75542,0.72688,0.02854,0.64533,0.69447,-0.04915,25,9,0.84091,0.74014,0.73387,0.74722,0.6,0.89444,0.88819,0.97227,0.16893,0.12262,"[[24,16],[19,161]]",0.78182,0.63333,0.63333,0.63333,0.4,0.86667,0.70681,0.91073,0.23197,0.18149,"[[16,24],[24,156]]",0.86818,0.76694,0.78263,0.75417,0.575,0.93333,0.87472,0.966,0.21822,0.14369,"[[23,17],[12,168]]",0.86818,0.76694,0.78263,0.75417,0.575,0.93333,0.88028,0.96818,0.21238,0.14011,"[[23,17],[12,168]]",3e-05,0.002,0.5,5,0.12,"[2.5,1.0]",1.0,45,0.6,ReduceLROnPlateau,1,4,val_macro_f1,2e-05,0.002,0.5,4,0.12,"[2.5,1.0]",1.0,45,0.6,ReduceLROnPlateau,1,3,val_macro_f1
experiment_11,Exp11,30,42,224,32,30,35,8,7,1084,225,220,0.74123,0.72222,0.01901,0.65715,0.70735,-0.0502,21,14,0.83636,0.73985,0.72864,0.75417,0.625,0.88333,0.88264,0.96995,0.1833,0.12541,"[[25,15],[21,159]]",0.8,0.62625,0.64561,0.61528,0.325,0.90556,0.69694,0.90501,0.21126,0.17449,"[[13,27],[17,163]]",0.86364,0.76142,0.77325,0.75139,0.575,0.92778,0.86625,0.96173,0.20229,0.14237,"[[23,17],[13,167]]",0.86364,0.76142,0.77325,0.75139,0.575,0.92778,0.87097,0.96376,0.20126,0.13936,"[[23,17],[13,167]]",3e-05,0.002,0.5,5,0.12,"[2.5,1.0]",1.0,45,0.8,ReduceLROnPlateau,1,3,val_macro_f1,2e-05,0.002,0.3,4,0.12,"[2.5,1.0]",1.0,45,0.8,ReduceLROnPlateau,1,7,val_macro_f1
experiment_12,Exp12,30,42,224,32,30,35,8,7,1084,225,220,0.74123,0.71762,0.02361,0.65715,0.70735,-0.0502,21,14,0.83636,0.73985,0.72864,0.75417,0.625,0.88333,0.88236,0.96986,0.18342,0.12546,"[[25,15],[21,159]]",0.8,0.62625,0.64561,0.61528,0.325,0.90556,0.69694,0.90501,0.21131,0.1745,"[[13,27],[17,163]]",0.86364,0.76142,0.77325,0.75139,0.575,0.92778,0.86681,0.96199,0.20238,0.1424,"[[23,17],[13,167]]",0.86364,0.76142,0.77325,0.75139,0.575,0.92778,0.87125,0.96384,0.20135,0.13938,"[[23,17],[13,167]]",3e-05,0.01,0.5,5,0.12,"[2.5,1.0]",1.0,45,0.8,ReduceLROnPlateau,1,3,val_macro_f1,2e-05,0.01,0.3,4,0.12,"[2.5,1.0]",1.0,45,0.8,ReduceLROnPlateau,1,7,val_macro_f1
experiment_13,Exp13,30,42,224,32,30,35,8,7,1084,225,220,0.83188,0.75562,0.07625,0.66754,0.75,-0.08246,19,11,0.85909,0.77399,0.76286,0.7875,0.675,0.9,0.91625,0.97993,0.10372,0.09547,"[[27,13],[18,162]]",0.81364,0.62023,0.66553,0.60417,0.275,0.93333,0.69222,0.90247,0.18263,0.16537,"[[11,29],[12,168]]",0.88182,0.78412,0.81416,0.7625,0.575,0.95,0.89819,0.97231,0.16611,0.11552,"[[23,17],[9,171]]",0.88182,0.78412,0.81416,0.7625,0.575,0.95,0.90486,0.97553,0.15513,0.11071,"[[23,17],[9,171]]",3e-05,0.002,0.5,5,0.0,"[2.5,1.0]",1.0,45,0.8,ReduceLROnPlateau,1,3,val_macro_f1,2e-05,0.002,0.3,4,0.0,"[2.5,1.0]",1.0,45,0.8,ReduceLROnPlateau,1,7,val_macro_f1
experiment_14,Exp14,30,42,224,32,30,35,8,7,1084,225,220,0.69929,0.72581,-0.02652,0.66754,0.75,-0.08246,9,11,0.86364,0.76626,0.77183,0.76111,0.6,0.92222,0.88014,0.97075,0.12513,0.11311,"[[24,16],[14,166]]",0.81364,0.62023,0.66553,0.60417,0.275,0.93333,0.69222,0.90247,0.18263,0.16537,"[[11,29],[12,168]]",0.89091,0.78059,0.86565,0.73889,0.5,0.97778,0.86556,0.96293,0.19662,0.1298,"[[20,20],[4,176]]",0.89091,0.78059,0.86565,0.73889,0.5,0.97778,0.87056,0.9653,0.18907,0.12646,"[[20,20],[4,176]]",3e-05,0.0003,0.4,5,0.0,"[2.5,1.0]",1.0,68,1.2,ReduceLROnPlateau,1,4,val_macro_f1,2e-05,0.002,0.3,4,0.0,"[2.5,1.0]",1.0,45,0.8,ReduceLROnPlateau,1,7,val_macro_f1
experiment_15,Exp15,30,42,224,32,30,35,8,7,1084,225,220,0.69929,0.72581,-0.02652,0.70212,0.74014,-0.03802,9,8,0.86364,0.76626,0.77183,0.76111,0.6,0.92222,0.88014,0.97075,0.12513,0.11311,"[[24,16],[14,166]]",0.81818,0.64349,0.68041,0.62639,0.325,0.92778,0.76181,0.93084,0.14672,0.14224,"[[13,27],[13,167]]",0.88636,0.77992,0.83967,0.74583,0.525,0.96667,0.86986,0.96449,0.16435,0.11971,"[[21,19],[6,174]]",0.88636,0.77992,0.83967,0.74583,0.525,0.96667,0.87208,0.96549,0.15824,0.11725,"[[21,19],[6,174]]",3e-05,0.0003,0.4,5,0.0,"[2.5,1.0]",1.0,68,1.2,ReduceLROnPlateau,1,4,val_macro_f1,3e-05,0.0001,0.3,4,0.0,"[1.7548633720450872,0.7726035850029893]",0.5,45,0.8,ReduceLROnPlateau,1,5,val_macro_f1
experiment_16,Exp16,20,42,224,32,30,35,8,7,1576,328,322,0.73751,0.71443,0.02308,0.84743,0.73807,0.10936,6,28,0.86335,0.78797,0.77094,0.81117,0.72881,0.89354,0.86731,0.94293,0.15551,0.12104,"[[43,16],[28,235]]",0.84472,0.75905,0.74384,0.78005,0.67797,0.88213,0.83148,0.93788,0.11827,0.12189,"[[40,19],[31,232]]",0.87267,0.78589,0.78781,0.78401,0.64407,0.92395,0.88013,0.96387,0.13519,0.10988,"[[38,21],[20,243]]",0.87267,0.78589,0.78781,0.78401,0.64407,0.92395,0.87414,0.96152,0.13074,0.10814,"[[38,21],[20,243]]",3e-05,0.0005,0.4,5,0.0,"[2.5,1.0]",1.0,68,1.2,ReduceLROnPlateau,1,4,val_macro_f1,2e-05,0.0005,0.3,4,0.0,"[2.5,1.0]",1.0,45,0.8,ReduceLROnPlateau,2,6,val_loss
experiment_17,Exp17,20,42,224,32,30,35,8,7,1576,328,322,0.73751,0.71443,0.02308,0.84743,0.73807,0.10936,6,28,0.86335,0.78797,0.77094,0.81117,0.72881,0.89354,0.86731,0.94293,0.15551,0.12104,"[[43,16],[28,235]]",0.84472,0.75905,0.74384,0.78005,0.67797,0.88213,0.83148,0.93788,0.11827,0.12189,"[[40,19],[31,232]]",0.87267,0.78589,0.78781,0.78401,0.64407,0.92395,0.88013,0.96387,0.13519,0.10988,"[[38,21],[20,243]]",0.87267,0.78589,0.78781,0.78401,0.64407,0.92395,0.87414,0.96152,0.13074,0.10814,"[[38,21],[20,243]]",3e-05,0.0005,0.4,5,0.0,"[2.5,1.0]",1.0,68,1.2,ReduceLROnPlateau,1,4,val_macro_f1,2e-05,0.0005,0.3,4,0.0,"[2.5,1.0]",1.0,45,0.8,ReduceLROnPlateau,2,6,val_loss
experiment_18,Exp18,30,42,224,32,30,35,8,7,1084,225,220,0.69929,0.72581,-0.02652,0.79013,0.68238,0.10775,9,26,0.86364,0.76626,0.77183,0.76111,0.6,0.92222,0.88014,0.97075,0.12513,0.11311,"[[24,16],[14,166]]",0.80455,0.67468,0.67305,0.67639,0.475,0.87778,0.75444,0.92515,0.16761,0.15333,"[[19,21],[22,158]]",0.89545,0.81113,0.83868,0.79028,0.625,0.95556,0.86292,0.96236,0.17916,0.12341,"[[25,15],[8,172]]",0.89545,0.81113,0.83868,0.79028,0.625,0.95556,0.865,0.96329,0.17159,0.12028,"[[25,15],[8,172]]",3e-05,0.0005,0.4,5,0.0,"[2.5,1.0]",1.0,68,1.2,ReduceLROnPlateau,1,4,val_macro_f1,2e-05,0.001,0.4,4,0.0,"[2.5,1.0]",1.0,45,0.8,ReduceLROnPlateau,2,5,val_loss
experiment_19,Exp19,30,42,224,32,30,35,8,7,1084,225,220,0.69929,0.72581,-0.02652,0.78942,0.68238,0.10703,9,26,0.86364,0.76626,0.77183,0.76111,0.6,0.92222,0.88014,0.97075,0.12513,0.11311,"[[24,16],[14,166]]",0.81364,0.68372,0.68558,0.68194,0.475,0.88889,0.7625,0.92732,0.16553,0.15004,"[[19,21],[20,160]]",0.88636,0.79471,0.82086,0.775,0.6,0.95,0.86306,0.96256,0.16697,0.12193,"[[24,16],[9,171]]",0.88636,0.79471,0.82086,0.775,0.6,0.95,0.86514,0.96332,0.15947,0.11893,"[[24,16],[9,171]]",3e-05,0.0005,0.4,5,0.0,"[2.5,1.0]",1.0,68,1.2,ReduceLROnPlateau,1,4,val_macro_f1,2e-05,0.001,0.3,4,0.0,"[2.5,1.0]",1.0,45,0.8,ReduceLROnPlateau,2,6,val_loss
experiment_20,Exp20,30,42,224,32,30,35,8,7,1084,225,220,0.69929,0.72581,-0.02652,0.92848,0.77926,0.14922,9,25,0.86364,0.76626,0.77183,0.76111,0.6,0.92222,0.88014,0.97075,0.12513,0.11311,"[[24,16],[14,166]]",0.85455,0.76019,0.75548,0.76528,0.625,0.90556,0.83597,0.95278,0.0575,0.10978,"[[25,15],[17,163]]",0.87727,0.77327,0.80722,0.75,0.55,0.95,0.88569,0.971,0.10761,0.09905,"[[22,18],[9,171]]",0.87727,0.77327,0.80722,0.75,0.55,0.95,0.88625,0.97124,0.0999,0.09672,"[[22,18],[9,171]]",3e-05,0.0005,0.4,5,0.0,"[2.5,1.0]",1.0,68,1.2,ReduceLROnPlateau,1,4,val_macro_f1,2e-05,0.001,0.4,4,0.0,"[2.5,1.0]",1.0,20,0.4,ReduceLROnPlateau,2,5,val_loss
experiment_21,Exp21,30,42,224,32,30,35,8,7,1084,225,220,0.69929,0.72581,-0.02652,0.85309,0.71014,0.14294,9,25,0.86364,0.76626,0.77183,0.76111,0.6,0.92222,0.88014,0.97075,0.12513,0.11311,"[[24,16],[14,166]]",0.85455,0.75067,0.75593,0.74583,0.575,0.91667,0.80375,0.94234,0.10875,0.12572,"[[23,17],[15,165]]",0.89091,0.79614,0.8386,0.76806,0.575,0.96111,0.86847,0.96489,0.13403,0.10924,"[[23,17],[7,173]]",0.89091,0.79614,0.8386,0.76806,0.575,0.96111,0.86972,0.96557,0.1258,0.10692,"[[23,17],[7,173]]",3e-05,0.0005,0.4,5,0.0,"[2.5,1.0]",1.0,68,1.2,ReduceLROnPlateau,1,4,val_macro_f1,2e-05,0.001,0.4,4,0.0,"[2.5,1.0]",1.0,30,0.6,ReduceLROnPlateau,2,5,val_loss
experiment_22,Exp22,30,42,224,32,30,35,8,7,1084,225,220,0.69929,0.72581,-0.02652,0.80186,0.69447,0.10738,9,25,0.86364,0.76626,0.77183,0.76111,0.6,0.92222,0.88014,0.97075,0.12513,0.11311,"[[24,16],[14,166]]",0.82273,0.69915,0.70116,0.69722,0.5,0.89444,0.78597,0.93674,0.12811,0.13718,"[[20,20],[19,161]]",0.89545,0.80686,0.84477,0.78056,0.6,0.96111,0.86333,0.96301,0.15619,0.11569,"[[24,16],[7,173]]",0.89545,0.80686,0.84477,0.78056,0.6,0.96111,0.86639,0.96415,0.14869,0.11296,"[[24,16],[7,173]]",3e-05,0.0005,0.4,5,0.0,"[2.5,1.0]",1.0,68,1.2,ReduceLROnPlateau,1,4,val_macro_f1,2e-05,0.001,0.4,4,0.0,"[2.5,1.0]",1.0,35,0.7,ReduceLROnPlateau,2,5,val_loss
