row_index,subject_id,activity_id,frame,label,front_pred,side_pred,average_pred,adaptive_pred,front_prob_phone,side_prob_phone,average_prob_phone,adaptive_prob_phone,front_correct,side_correct,fusion_correct,error_type,fusion_behavior,filepath_front,filepath_side
34,11,1,61,0,1,1,1,1,0.746337354183197,0.8887889385223389,0.8175631463527679,0.8226276983690617,False,False,False,both_wrong,wrong,D:\Skripsi\Experiment_TA\data\raw\RGB2\S11\AC1\RGB2_SUB11ACT1F61.jpg,D:\Skripsi\Experiment_TA\data\raw\RGB1\S11\AC1\RGB1_SUB11ACT1F61.jpg
3,10,1,61,0,1,1,1,1,0.7735431790351868,0.8011382222175598,0.7873407006263733,0.7875310601489035,False,False,False,both_wrong,wrong,D:\Skripsi\Experiment_TA\data\raw\RGB2\S10\AC1\RGB2_SUB10ACT1F61.jpg,D:\Skripsi\Experiment_TA\data\raw\RGB1\S10\AC1\RGB1_SUB10ACT1F61.jpg
186,8,1,211,0,1,1,1,1,0.779360830783844,0.7698667049407959,0.77461376786232,0.7746363022994329,False,False,False,both_wrong,wrong,D:\Skripsi\Experiment_TA\data\raw\RGB2\S8\AC1\RGB2_SUB8ACT1F211.jpg,D:\Skripsi\Experiment_TA\data\raw\RGB1\S8\AC1\RGB1_SUB8ACT1F211.jpg
35,11,1,91,0,1,1,1,1,0.8223744034767151,0.7184200286865234,0.7703972160816193,0.7730964137861018,False,False,False,both_wrong,wrong,D:\Skripsi\Experiment_TA\data\raw\RGB2\S11\AC1\RGB2_SUB11ACT1F91.jpg,D:\Skripsi\Experiment_TA\data\raw\RGB1\S11\AC1\RGB1_SUB11ACT1F91.jpg
32,11,1,151,0,1,1,1,1,0.6749610900878906,0.6432812809944153,0.659121185541153,0.6593720671352742,False,False,False,both_wrong,wrong,D:\Skripsi\Experiment_TA\data\raw\RGB2\S11\AC1\RGB2_SUB11ACT1F151.jpg,D:\Skripsi\Experiment_TA\data\raw\RGB1\S11\AC1\RGB1_SUB11ACT1F151.jpg
4,10,1,91,0,0,1,1,1,0.4453854262828827,0.8691115975379944,0.6572485119104385,0.6902917602603159,True,False,False,front_only_correct,wrong,D:\Skripsi\Experiment_TA\data\raw\RGB2\S10\AC1\RGB2_SUB10ACT1F91.jpg,D:\Skripsi\Experiment_TA\data\raw\RGB1\S10\AC1\RGB1_SUB10ACT1F91.jpg
183,8,1,121,0,1,1,1,1,0.685845673084259,0.6260514259338379,0.6559485495090485,0.6568421212868469,False,False,False,both_wrong,wrong,D:\Skripsi\Experiment_TA\data\raw\RGB2\S8\AC1\RGB2_SUB8ACT1F121.jpg,D:\Skripsi\Experiment_TA\data\raw\RGB1\S8\AC1\RGB1_SUB8ACT1F121.jpg
125,4,1,1,0,1,1,1,1,0.7445632815361023,0.5664424896240234,0.6555028855800629,0.6634137351215725,False,False,False,both_wrong,wrong,D:\Skripsi\Experiment_TA\data\raw\RGB2\S4\AC1\RGB2_SUB4ACT1F1.jpg,D:\Skripsi\Experiment_TA\data\raw\RGB1\S4\AC1\RGB1_SUB4ACT1F1.jpg
57,17,1,1,0,0,1,1,1,0.47906097769737244,0.8296167850494385,0.6543388813734055,0.6811783052033213,True,False,False,front_only_correct,wrong,D:\Skripsi\Experiment_TA\data\raw\RGB2\S17\AC1\RGB2_SUB17ACT1F1.jpg,D:\Skripsi\Experiment_TA\data\raw\RGB1\S17\AC1\RGB1_SUB17ACT1F1.jpg
33,11,1,31,0,1,1,1,1,0.672784149646759,0.6319524645805359,0.6523683071136475,0.6527850558403827,False,False,False,both_wrong,wrong,D:\Skripsi\Experiment_TA\data\raw\RGB2\S11\AC1\RGB2_SUB11ACT1F31.jpg,D:\Skripsi\Experiment_TA\data\raw\RGB1\S11\AC1\RGB1_SUB11ACT1F31.jpg
1,10,1,121,0,1,1,1,1,0.5182539224624634,0.7636306285858154,0.6409422755241394,0.65591963424663,False,False,False,both_wrong,wrong,D:\Skripsi\Experiment_TA\data\raw\RGB2\S10\AC1\RGB2_SUB10ACT1F121.jpg,D:\Skripsi\Experiment_TA\data\raw\RGB1\S10\AC1\RGB1_SUB10ACT1F121.jpg
31,11,1,121,0,1,1,1,1,0.6641451716423035,0.5929393172264099,0.6285422444343567,0.6298092775549724,False,False,False,both_wrong,wrong,D:\Skripsi\Experiment_TA\data\raw\RGB2\S11\AC1\RGB2_SUB11ACT1F121.jpg,D:\Skripsi\Experiment_TA\data\raw\RGB1\S11\AC1\RGB1_SUB11ACT1F121.jpg
184,8,1,151,0,1,1,1,1,0.7341660857200623,0.5163216590881348,0.6252438724040985,0.6370612240018534,False,False,False,both_wrong,wrong,D:\Skripsi\Experiment_TA\data\raw\RGB2\S8\AC1\RGB2_SUB8ACT1F151.jpg,D:\Skripsi\Experiment_TA\data\raw\RGB1\S8\AC1\RGB1_SUB8ACT1F151.jpg
59,17,1,151,0,0,1,1,1,0.40592601895332336,0.8339200019836426,0.619923010468483,0.6454638523706808,True,False,False,front_only_correct,wrong,D:\Skripsi\Experiment_TA\data\raw\RGB2\S17\AC1\RGB2_SUB17ACT1F151.jpg,D:\Skripsi\Experiment_TA\data\raw\RGB1\S17\AC1\RGB1_SUB17ACT1F151.jpg
190,8,5,1,1,0,0,0,0,0.41704869270324707,0.3704438805580139,0.3937462866306305,0.3932033827642854,False,False,False,both_wrong,wrong,D:\Skripsi\Experiment_TA\data\raw\RGB2\S8\AC5\RGB2_SUB8ACT5F1.jpg,D:\Skripsi\Experiment_TA\data\raw\RGB1\S8\AC5\RGB1_SUB8ACT5F1.jpg
68,17,6,1,1,0,0,0,0,0.3884942829608917,0.43243730068206787,0.4104657918214798,0.40998312228649186,False,False,False,both_wrong,wrong,D:\Skripsi\Experiment_TA\data\raw\RGB2\S17\AC6\RGB2_SUB17ACT6F1.jpg,D:\Skripsi\Experiment_TA\data\raw\RGB1\S17\AC6\RGB1_SUB17ACT6F1.jpg
150,4,9,1,1,0,0,0,0,0.4302820861339569,0.4061189591884613,0.4182005226612091,0.4180545655866954,False,False,False,both_wrong,wrong,D:\Skripsi\Experiment_TA\data\raw\RGB2\S4\AC9\RGB2_SUB4ACT9F1.jpg,D:\Skripsi\Experiment_TA\data\raw\RGB1\S4\AC9\RGB1_SUB4ACT9F1.jpg
185,8,1,181,0,1,1,1,1,0.6032275557518005,0.5265186429023743,0.5648730993270874,0.5663434427355083,False,False,False,both_wrong,wrong,D:\Skripsi\Experiment_TA\data\raw\RGB2\S8\AC1\RGB2_SUB8ACT1F181.jpg,D:\Skripsi\Experiment_TA\data\raw\RGB1\S8\AC1\RGB1_SUB8ACT1F181.jpg
118,21,8,61,1,1,0,0,0,0.5607063174247742,0.3341619372367859,0.44743412733078003,0.4414853539595719,True,False,False,front_only_correct,wrong,D:\Skripsi\Experiment_TA\data\raw\RGB2\S21\AC8\RGB2_SUB21ACT8F61.jpg,D:\Skripsi\Experiment_TA\data\raw\RGB1\S21\AC8\RGB1_SUB21ACT8F61.jpg
207,8,8,1,1,0,0,0,0,0.40835773944854736,0.49523600935935974,0.45179687440395355,0.4499111019338582,False,False,False,both_wrong,wrong,D:\Skripsi\Experiment_TA\data\raw\RGB2\S8\AC8\RGB2_SUB8ACT8F1.jpg,D:\Skripsi\Experiment_TA\data\raw\RGB1\S8\AC8\RGB1_SUB8ACT8F1.jpg
166,42,6,61,1,0,0,0,0,0.4951734244823456,0.4583839476108551,0.47677868604660034,0.4764403578032569,False,False,False,both_wrong,wrong,D:\Skripsi\Experiment_TA\data\raw\RGB2\S42\AC6\RGB2_SUB42ACT6F61.jpg,D:\Skripsi\Experiment_TA\data\raw\RGB1\S42\AC6\RGB1_SUB42ACT6F61.jpg
210,8,8,181,1,1,0,0,0,0.5397776365280151,0.4144977629184723,0.4771376997232437,0.4757058561376173,True,False,False,front_only_correct,wrong,D:\Skripsi\Experiment_TA\data\raw\RGB2\S8\AC8\RGB2_SUB8ACT8F181.jpg,D:\Skripsi\Experiment_TA\data\raw\RGB1\S8\AC8\RGB1_SUB8ACT8F181.jpg
173,42,8,121,1,1,0,0,0,0.5802680253982544,0.3860902786254883,0.48317915201187134,0.48154618883909994,True,False,False,front_only_correct,wrong,D:\Skripsi\Experiment_TA\data\raw\RGB2\S42\AC8\RGB2_SUB42ACT8F121.jpg,D:\Skripsi\Experiment_TA\data\raw\RGB1\S42\AC8\RGB1_SUB42ACT8F121.jpg
