Experiment,Historical Source Mapping,Source Commit,Scenario,Run Type,Seed,Stride,Train Subject Count,Val Subject Count,Test Subject Count,Train Sample Count Front,Train Sample Count Side,Val Sample Count Front,Val Sample Count Side,Test Sample Count Front,Test Sample Count Side,Image Size,Batch Size,Max Epochs,Actual Epochs Front,Actual Epochs Side,Optimizer,LR Front,LR Side,WD Front,WD Side,Dropout Front,Dropout Side,Freeze Front,Freeze Side,Label Smoothing,Class Weight Front,Class Weight Side,Gamma Front,Gamma Side,Augmentation Front,Augmentation Side,Scheduler,Early Stop Front,Early Stop Side,Checkpoint Monitor Front,Checkpoint Monitor Side,Best Epoch Front,Best Epoch Side,Front Best Train Loss,Front Best Val Loss,Front Selected Train Loss,Front Selected Val Loss,Front Selected Train Macro F1,Front Selected Val Macro F1,Front Train-Val Loss Gap,Front Train-Val F1 Gap,Front Fit Indication,Side Best Train Loss,Side Best Val Loss,Side Selected Train Loss,Side Selected Val Loss,Side Selected Train Macro F1,Side Selected Val Macro F1,Side Train-Val Loss Gap,Side Train-Val F1 Gap,Side Fit Indication,Front Test Accuracy,Front Test Macro F1,Front Test Precision Macro,Front Test Recall Macro,Front ROC-AUC,Front PR-AUC,Front ECE,Front Brier,Front CM,Front Safe Recall,Front Phone Recall,Front Safe->Phone,Front Phone->Safe,Front Support Safe,Front Support Phone,Front Support Total,Side Test Accuracy,Side Test Macro F1,Side Test Precision Macro,Side Test Recall Macro,Side ROC-AUC,Side PR-AUC,Side ECE,Side Brier,Side CM,Side Safe Recall,Side Phone Recall,Side Safe->Phone,Side Phone->Safe,Side Support Safe,Side Support Phone,Side Support Total,Average Fusion Accuracy,Average Fusion Macro F1,Average Fusion Precision Macro,Average Fusion Recall Macro,Average Fusion ROC-AUC,Average Fusion PR-AUC,Average Fusion ECE,Average Fusion Brier,Average Fusion CM,Average Fusion Safe Recall,Average Fusion Phone Recall,Average Fusion Safe->Phone,Average Fusion Phone->Safe,Average Fusion Support Total,Adaptive Fusion Accuracy,Adaptive Fusion Macro F1,Adaptive Fusion Precision Macro,Adaptive Fusion Recall Macro,Adaptive Fusion ROC-AUC,Adaptive Fusion PR-AUC,Adaptive Fusion ECE,Adaptive Fusion Brier,Adaptive Fusion CM,Adaptive Fusion Safe Recall,Adaptive Fusion Phone Recall,Adaptive Fusion Safe->Phone,Adaptive Fusion Phone->Safe,Adaptive Fusion Support Total,Adaptive Linear Norm Macro F1,Mean Weight Front,Mean Weight Side,Std Weight Front,Std Weight Side,Min Weight Front,Max Weight Front,Min Weight Side,Max Weight Side,Weight Near 0.5 Count,Adaptive Differs From Average Count,Both Wrong,Front Only Correct,Side Only Correct,Fusion Fixed Front Error,Fusion Broke Front Correct,Statistical Tests Available,Statistical Tests Summary,Notes
experiment_1,Exp 1,9f7f77270,Baseline awal,experiment_run,42,15,35,8,7,2067,2067,431,431,419,419,224,32,30,11,6,Adam,0.0001,0.0001,0.0,0.0,0.3,0.3,0,0,0.0,NA,NA,1.0,1.0,"{""random_horizontal_flip_p"":0.5,""random_rotation_degree"":10,""color_jitter_factor"":0.2}","{""random_horizontal_flip_p"":0.5,""random_rotation_degree"":10,""color_jitter_factor"":0.2}",,5,5,val_macro_f1,val_macro_f1,6,1,0.01176,0.17917,0.0275,0.20009,0.98541,0.88682,0.17259,0.09859,mild overfit,0.03467,0.24702,0.42092,0.29481,0.60001,0.75748,-0.12611,-0.15748,possible underfit / val exceeds train,0.91647,0.83759,0.91022,0.79534,0.91725,0.97108,0.05595,0.07046,"[[46,30],[5,338]]",0.60526,0.98542,30,5,76,343,419,0.84487,0.61415,0.81849,0.59285,0.86205,0.9648,0.057,0.10987,"[[15,61],[4,339]]",0.19737,0.98834,61,4,76,343,419,0.90931,0.81773,0.91095,0.77048,0.92401,0.97919,0.06113,0.07684,"[[42,34],[4,339]]",0.55263,0.98834,34,4,419,0.90931,0.81773,0.91095,0.77048,0.92424,0.97927,0.05217,0.07602,"[[42,34],[4,339]]",0.55263,0.98834,34,4,419,NA,NA,NA,NA,NA,NA,NA,NA,NA,NA,0,30,35,5,1,4,No artifact found,NA,
experiment_2,Exp 2,4f53a8481,Perbaikan pipeline awal,experiment_run,42,15,35,8,7,2067,2067,431,431,419,419,224,32,30,22,13,AdamW,0.0001,0.0001,0.0001,0.0001,0.3,0.3,4,4,0.0,"[3.1036036036036037,0.5960207612456747]","[3.1036036036036037,0.5960207612456747]",1.0,1.0,"{""random_horizontal_flip"":true,""random_rotation_degree"":10,""color_jitter_factor"":0.2}","{""random_horizontal_flip"":true,""random_rotation_degree"":10,""color_jitter_factor"":0.2}",ReduceLROnPlateau,5,5,val_macro_f1,val_macro_f1,17,8,0.0022,0.30393,0.00414,0.34036,0.9991,0.88748,0.33622,0.11162,mild overfit,0.0092,0.29874,0.05725,0.49189,0.96582,0.86057,0.43464,0.10524,mild overfit,0.8926,0.78267,0.87142,0.7398,0.9016,0.97081,0.07508,0.08615,"[[38,38],[7,336]]",0.5,0.97959,38,7,76,343,419,0.89021,0.78792,0.84655,0.7537,0.88461,0.96497,0.06993,0.08914,"[[41,35],[11,332]]",0.53947,0.96793,35,11,76,343,419,0.91408,0.83402,0.90144,0.79389,0.90463,0.96989,0.06527,0.07758,"[[46,30],[6,337]]",0.60526,0.98251,30,6,419,0.91408,0.83402,0.90144,0.79389,0.90483,0.96993,0.06046,0.07723,"[[46,30],[6,337]]",0.60526,0.98251,30,6,419,NA,NA,NA,NA,NA,NA,NA,NA,NA,NA,0,29,17,16,15,6,No artifact found,NA,
experiment_3,Exp 3,a001fbbbc,Perbaikan LR dan freeze awal,experiment_run,42,15,35,8,7,2067,2067,431,431,419,419,224,32,30,13,9,AdamW,5e-05,5e-05,0.0001,0.0001,0.3,0.3,2,2,0.0,"[3.1036036036036037,0.5960207612456747]","[3.1036036036036037,0.5960207612456747]",1.0,1.0,"{""random_horizontal_flip"":true,""random_rotation_degree"":10,""color_jitter_factor"":0.2}","{""random_horizontal_flip"":true,""random_rotation_degree"":10,""color_jitter_factor"":0.2}",ReduceLROnPlateau,5,5,val_macro_f1,val_macro_f1,8,4,0.01746,0.33188,0.0403,0.36799,0.98037,0.84723,0.32769,0.13314,mild overfit,0.02329,0.39101,0.08831,0.45749,0.95571,0.79949,0.36919,0.15622,overfit,0.88067,0.75341,0.84906,0.71202,0.90674,0.97443,0.05571,0.0856,"[[34,42],[8,335]]",0.44737,0.97668,42,8,76,343,419,0.90215,0.81679,0.86207,0.7866,0.89796,0.97097,0.02816,0.0786,"[[46,30],[11,332]]",0.60526,0.96793,30,11,76,343,419,0.91169,0.82372,0.91309,0.77706,0.91399,0.97534,0.04809,0.07273,"[[43,33],[4,339]]",0.56579,0.98834,33,4,419,0.91169,0.82372,0.91309,0.77706,0.91511,0.97567,0.0427,0.07176,"[[43,33],[4,339]]",0.56579,0.98834,33,4,419,NA,NA,NA,NA,NA,NA,NA,NA,NA,NA,0,25,16,25,15,2,No artifact found,NA,
experiment_4,Exp 4,c7f4459a,Regularisasi baseline stride 15,experiment_run,42,15,35,8,7,2067,2067,431,431,419,419,224,32,30,11,21,AdamW,5e-05,5e-05,0.0005,0.0005,0.5,0.5,4,4,0.0,"[3.1036036036036037,0.5960207612456747]","[3.1036036036036037,0.5960207612456747]",1.0,1.0,"{""random_horizontal_flip"":true,""random_rotation_degree"":15,""color_jitter_factor"":0.3}","{""random_horizontal_flip"":true,""random_rotation_degree"":15,""color_jitter_factor"":0.3}",ReduceLROnPlateau,5,5,val_macro_f1,val_macro_f1,6,16,0.04312,0.38008,0.10332,0.38008,0.94402,0.80977,0.27675,0.13425,mild overfit,0.0141,0.35864,0.02059,0.38548,0.9937,0.83752,0.36489,0.15619,overfit,0.90692,0.82133,0.88218,0.78439,0.91595,0.97722,0.03527,0.0744,"[[45,31],[8,335]]",0.59211,0.97668,31,8,76,343,419,0.88783,0.8121,0.81053,0.8137,0.88215,0.96476,0.05509,0.08814,"[[53,23],[24,319]]",0.69737,0.93003,23,24,76,343,419,0.91885,0.85253,0.88574,0.82753,0.92389,0.97905,0.04259,0.06783,"[[52,24],[10,333]]",0.68421,0.97085,24,10,419,0.91885,0.85253,0.88574,0.82753,0.9237,0.97903,0.03684,0.06655,"[[52,24],[10,333]]",0.68421,0.97085,24,10,419,NA,NA,NA,NA,NA,NA,NA,NA,NA,NA,0,20,27,19,14,9,No artifact found,NA,
experiment_5,Exp 5,ca6137a9,LR rendah dengan regularisasi v4,experiment_run,42,15,35,8,7,2067,2067,431,431,419,419,224,32,30,30,9,AdamW,5e-06,5e-06,0.0005,0.0005,0.5,0.5,4,4,0.0,"[3.1036036036036037,0.5960207612456747]","[3.1036036036036037,0.5960207612456747]",1.0,1.0,"{""random_horizontal_flip"":true,""random_rotation_degree"":15,""color_jitter_factor"":0.3}","{""random_horizontal_flip"":true,""random_rotation_degree"":15,""color_jitter_factor"":0.3}",ReduceLROnPlateau,5,5,val_macro_f1,val_macro_f1,27,4,0.27392,0.44342,0.28985,0.44583,0.83815,0.77469,0.15598,0.06346,mild overfit,0.61669,0.59481,0.69227,0.62544,0.56073,0.58956,-0.06682,-0.02883,possible underfit / val exceeds train,0.86158,0.78785,0.76746,0.81815,0.89301,0.96653,0.16189,0.11723,"[[57,19],[39,304]]",0.75,0.8863,19,39,76,343,419,0.70883,0.54586,0.54396,0.55073,0.61719,0.88183,0.2445,0.20569,"[[23,53],[69,274]]",0.30263,0.79883,53,69,76,343,419,0.87351,0.79023,0.78602,0.79471,0.88837,0.95848,0.23716,0.14552,"[[51,25],[28,315]]",0.67105,0.91837,25,28,419,0.87351,0.79023,0.78602,0.79471,0.88994,0.9598,0.21873,0.1396,"[[51,25],[28,315]]",0.67105,0.91837,25,28,419,NA,NA,NA,NA,NA,NA,NA,NA,NA,NA,0,24,98,34,16,11,No artifact found,NA,
experiment_6,Exp 6,c486978f,Config v5 awal,experiment_run,42,15,35,8,7,2067,2067,431,431,419,419,224,32,30,9,16,AdamW,5e-06,5e-06,0.001,0.001,0.6,0.6,5,5,0.0,"[3.1036036036036037,0.5960207612456747]","[3.1036036036036037,0.5960207612456747]",1.0,1.0,"{""random_horizontal_flip"":true,""random_rotation_degree"":20,""color_jitter_factor"":0.4}","{""random_horizontal_flip"":true,""random_rotation_degree"":20,""color_jitter_factor"":0.4}",ReduceLROnPlateau,5,5,val_macro_f1,val_macro_f1,4,11,0.63414,0.61679,0.74781,0.64118,0.52106,0.63648,-0.10662,-0.11541,possible underfit / val exceeds train,0.61798,0.59485,0.6781,0.60829,0.53961,0.62099,-0.0698,-0.08138,possible underfit / val exceeds train,0.74702,0.55558,0.55851,0.55357,0.65084,0.88648,0.22581,0.19422,"[[19,57],[49,294]]",0.25,0.85714,57,49,76,343,419,0.72315,0.57932,0.57475,0.59021,0.65229,0.89414,0.24474,0.19943,"[[29,47],[69,274]]",0.38158,0.79883,47,69,76,343,419,0.7852,0.60963,0.62072,0.6025,0.70619,0.89716,0.23299,0.19265,"[[24,52],[38,305]]",0.31579,0.88921,52,38,419,0.7852,0.60963,0.62072,0.6025,0.7088,0.89964,0.23044,0.19101,"[[24,52],[38,305]]",0.31579,0.88921,52,38,419,NA,NA,NA,NA,NA,NA,NA,NA,NA,NA,0,47,69,59,42,26,No artifact found,NA,
experiment_7,Exp 7,ca41e3f2,Optimasi side view,experiment_run,42,15,35,8,7,2067,2067,431,431,419,419,224,32,30,8,11,AdamW,5e-06,5e-06,0.01,0.01,0.6,0.6,5,3,0.1,"[5.15,1.0]","[5.15,1.0]",1.0,1.0,"{""random_horizontal_flip"":true,""random_rotation_degree"":20,""color_jitter_factor"":0.4}","{""random_horizontal_flip"":true,""random_rotation_degree"":20,""color_jitter_factor"":0.4}",ReduceLROnPlateau,5,5,val_macro_f1,val_macro_f1,3,6,0.74282,0.7376,0.86859,0.75351,0.49662,0.59678,-0.11508,-0.10016,possible underfit / val exceeds train,0.76021,0.72313,0.79568,0.73892,0.50386,0.55419,-0.05676,-0.05033,possible underfit / val exceeds train,0.72792,0.55968,0.5578,0.56239,0.61593,0.8726,0.24486,0.20643,"[[23,53],[61,282]]",0.30263,0.82216,53,61,76,343,419,0.60621,0.51949,0.54035,0.56487,0.59843,0.87344,0.28981,0.23083,"[[38,38],[127,216]]",0.5,0.62974,38,127,76,343,419,0.73031,0.59192,0.58625,0.60482,0.65859,0.87439,0.26734,0.2145,"[[31,45],[68,275]]",0.40789,0.80175,45,68,419,0.73031,0.59192,0.58625,0.60482,0.66135,0.87666,0.26626,0.21328,"[[31,45],[68,275]]",0.40789,0.80175,45,68,419,NA,NA,NA,NA,NA,NA,NA,NA,NA,NA,0,52,113,62,38,37,No artifact found,NA,
experiment_8,Exp 8,08457b78,Golden Balance,experiment_run,42,15,35,8,7,2067,2067,431,431,419,419,224,32,30,11,19,AdamW,5e-05,2e-05,0.0005,0.0005,0.5,0.5,4,3,0.1,"[2.5,1.0]","[2.5,1.0]",1.0,1.0,"{""random_horizontal_flip"":true,""random_rotation_degree"":20,""color_jitter_factor"":0.4}","{""random_horizontal_flip"":true,""random_rotation_degree"":20,""color_jitter_factor"":0.4}",ReduceLROnPlateau,5,5,val_macro_f1,val_macro_f1,6,14,0.35112,0.48841,0.39139,0.48841,0.91425,0.81451,0.09702,0.09973,mild overfit,0.34392,0.50762,0.36758,0.50762,0.93404,0.81547,0.14004,0.11857,mild overfit,0.92124,0.85931,0.88431,0.83923,0.94395,0.98482,0.13342,0.08109,"[[54,22],[11,332]]",0.71053,0.96793,22,11,76,343,419,0.86874,0.78012,0.77871,0.78155,0.85944,0.95059,0.12957,0.11099,"[[49,27],[28,315]]",0.64474,0.91837,27,28,76,343,419,0.92601,0.87074,0.8859,0.85751,0.93532,0.98248,0.15563,0.08617,"[[57,19],[12,331]]",0.75,0.96501,19,12,419,0.92601,0.87074,0.8859,0.85751,0.93356,0.98196,0.14862,0.0839,"[[57,19],[12,331]]",0.75,0.96501,19,12,419,NA,NA,NA,NA,NA,NA,NA,NA,NA,NA,0,13,42,20,16,14,No artifact found,NA,
experiment_9,Exp 9,1563c170,Extreme temporal subsampling,experiment_run,42,30,35,8,7,1084,1084,225,225,220,220,224,32,30,18,9,AdamW,5e-05,2e-05,0.0005,0.0005,0.5,0.5,4,3,0.1,"[2.5,1.0]","[2.5,1.0]",1.0,1.0,"{""random_horizontal_flip"":true,""random_rotation_degree"":20,""color_jitter_factor"":0.4}","{""random_horizontal_flip"":true,""random_rotation_degree"":20,""color_jitter_factor"":0.4}",ReduceLROnPlateau,5,5,val_macro_f1,val_macro_f1,13,4,0.35326,0.53683,0.38752,0.53979,0.92316,0.78603,0.15227,0.13713,mild overfit,0.58399,0.61018,0.64996,0.6467,0.60526,0.69447,-0.00327,-0.08922,possible underfit / val exceeds train,0.9,0.8213,0.84472,0.80278,0.93014,0.98268,0.13656,0.09114,"[[26,14],[8,172]]",0.65,0.95556,14,8,40,180,220,0.76818,0.57174,0.58193,0.56667,0.66694,0.90324,0.21316,0.18523,"[[10,30],[21,159]]",0.25,0.88333,30,21,40,180,220,0.89091,0.7861,0.85488,0.74861,0.91736,0.97641,0.20309,0.12405,"[[21,19],[5,175]]",0.525,0.97222,19,5,220,0.89091,0.7861,0.85488,0.74861,0.92153,0.97862,0.19102,0.11842,"[[21,19],[5,175]]",0.525,0.97222,19,5,220,NA,NA,NA,NA,NA,NA,NA,NA,NA,NA,0,12,39,10,3,5,No artifact found,NA,
experiment_10,Exp 11 Awal,465170a4,Optimasi front regularization,experiment_run,42,30,35,8,7,1084,1084,225,225,220,220,224,32,30,29,12,AdamW,3e-05,2e-05,0.002,0.002,0.5,0.5,5,4,0.12,"[2.5,1.0]","[2.5,1.0]",1.0,1.0,"{""random_horizontal_flip"":true,""random_rotation_degree"":45,""color_jitter_factor"":0.6}","{""random_horizontal_flip"":true,""random_rotation_degree"":45,""color_jitter_factor"":0.6}",ReduceLROnPlateau,4,3,val_macro_f1,val_macro_f1,25,9,0.5338,0.62542,0.5571,0.62627,0.75542,0.72688,0.06918,0.02854,healthy,0.61902,0.64053,0.6473,0.65537,0.64533,0.69447,0.00808,-0.04915,possible underfit / val exceeds train,0.84091,0.74014,0.73387,0.74722,0.88819,0.97227,0.16893,0.12262,"[[24,16],[19,161]]",0.6,0.89444,16,19,40,180,220,0.78182,0.63333,0.63333,0.63333,0.70681,0.91073,0.23197,0.18149,"[[16,24],[24,156]]",0.4,0.86667,24,24,40,180,220,0.86818,0.76694,0.78263,0.75417,0.87472,0.966,0.21822,0.14369,"[[23,17],[12,168]]",0.575,0.93333,17,12,220,0.86818,0.76694,0.78263,0.75417,0.88028,0.96818,0.21238,0.14011,"[[23,17],[12,168]]",0.575,0.93333,17,12,220,NA,NA,NA,NA,NA,NA,NA,NA,NA,NA,0,17,31,18,11,5,No artifact found,NA,
experiment_11,Exp 12,9bd91eb8,Baseline ablation / side view rescue,experiment_run,42,30,35,8,7,1084,1084,225,225,220,220,224,32,30,24,21,AdamW,3e-05,2e-05,0.002,0.002,0.5,0.3,5,4,0.12,"[2.5,1.0]","[2.5,1.0]",1.0,1.0,"{""random_horizontal_flip"":true,""random_rotation_degree"":45,""color_jitter_factor"":0.8}","{""random_horizontal_flip"":true,""random_rotation_degree"":45,""color_jitter_factor"":0.8}",ReduceLROnPlateau,3,7,val_macro_f1,val_macro_f1,21,14,0.55508,0.62899,0.57462,0.62899,0.74123,0.72222,0.05437,0.01901,healthy,0.61148,0.6456,0.64252,0.64884,0.65715,0.70735,0.00631,-0.0502,possible underfit / val exceeds train,0.83636,0.73985,0.72864,0.75417,0.88264,0.96995,0.1833,0.12541,"[[25,15],[21,159]]",0.625,0.88333,15,21,40,180,220,0.8,0.62625,0.64561,0.61528,0.69694,0.90501,0.21126,0.17449,"[[13,27],[17,163]]",0.325,0.90556,27,17,40,180,220,0.86364,0.76142,0.77325,0.75139,0.86625,0.96173,0.20229,0.14237,"[[23,17],[13,167]]",0.575,0.92778,17,13,220,0.86364,0.76142,0.77325,0.75139,0.87097,0.96376,0.20126,0.13936,"[[23,17],[13,167]]",0.575,0.92778,17,13,220,NA,NA,NA,NA,NA,NA,NA,NA,NA,NA,0,17,27,19,11,5,No artifact found,NA,
experiment_12,Exp 13 Lama,070b2268,WD dan LS campur,experiment_run,42,30,35,8,7,1084,1084,225,225,220,220,224,32,30,24,21,AdamW,3e-05,2e-05,0.01,0.01,0.5,0.3,5,4,0.12,"[2.5,1.0]","[2.5,1.0]",1.0,1.0,"{""random_horizontal_flip"":true,""random_rotation_degree"":45,""color_jitter_factor"":0.8}","{""random_horizontal_flip"":true,""random_rotation_degree"":45,""color_jitter_factor"":0.8}",ReduceLROnPlateau,3,7,val_macro_f1,val_macro_f1,21,14,0.55508,0.62905,0.57461,0.62905,0.74123,0.71762,0.05443,0.02361,healthy,0.61149,0.64565,0.64253,0.64886,0.65715,0.70735,0.00633,-0.0502,possible underfit / val exceeds train,0.83636,0.73985,0.72864,0.75417,0.88236,0.96986,0.18342,0.12546,"[[25,15],[21,159]]",0.625,0.88333,15,21,40,180,220,0.8,0.62625,0.64561,0.61528,0.69694,0.90501,0.21131,0.1745,"[[13,27],[17,163]]",0.325,0.90556,27,17,40,180,220,0.86364,0.76142,0.77325,0.75139,0.86681,0.96199,0.20238,0.1424,"[[23,17],[13,167]]",0.575,0.92778,17,13,220,0.86364,0.76142,0.77325,0.75139,0.87125,0.96384,0.20135,0.13938,"[[23,17],[13,167]]",0.575,0.92778,17,13,220,NA,NA,NA,NA,NA,NA,NA,NA,NA,NA,0,17,27,19,11,5,No artifact found,NA,
experiment_13,Exp 13 Baru,adf5d47d/f5b4ad3,Isolasi label smoothing,experiment_run,42,30,35,8,7,1084,1084,225,225,220,220,224,32,30,22,18,AdamW,3e-05,2e-05,0.002,0.002,0.5,0.3,5,4,0.0,"[2.5,1.0]","[2.5,1.0]",1.0,1.0,"{""random_horizontal_flip"":true,""random_rotation_degree"":45,""color_jitter_factor"":0.8}","{""random_horizontal_flip"":true,""random_rotation_degree"":45,""color_jitter_factor"":0.8}",ReduceLROnPlateau,3,7,val_macro_f1,val_macro_f1,19,11,0.27843,0.46106,0.30715,0.4703,0.83188,0.75562,0.16316,0.07625,mild overfit,0.46244,0.53185,0.50153,0.56022,0.66754,0.75,0.05869,-0.08246,possible underfit / val exceeds train,0.85909,0.77399,0.76286,0.7875,0.91625,0.97993,0.10372,0.09547,"[[27,13],[18,162]]",0.675,0.9,13,18,40,180,220,0.81364,0.62023,0.66553,0.60417,0.69222,0.90247,0.18263,0.16537,"[[11,29],[12,168]]",0.275,0.93333,29,12,40,180,220,0.88182,0.78412,0.81416,0.7625,0.89819,0.97231,0.16611,0.11552,"[[23,17],[9,171]]",0.575,0.95,17,9,220,0.88182,0.78412,0.81416,0.7625,0.90486,0.97553,0.15513,0.11071,"[[23,17],[9,171]]",0.575,0.95,17,9,220,NA,NA,NA,NA,NA,NA,NA,NA,NA,NA,0,11,30,20,11,6,No artifact found,NA,
experiment_14,Exp 14A Revisi / Final v1,e16ce8c7,Stabilisasi front / Final v1,experiment_run,42,30,35,8,7,1084,1084,225,225,220,220,224,32,30,13,18,AdamW,3e-05,2e-05,0.0003,0.002,0.4,0.3,5,4,0.0,"[2.5,1.0]","[2.5,1.0]",1.0,1.0,"{""random_horizontal_flip"":true,""random_rotation_degree"":68,""color_jitter_factor"":1.2}","{""random_horizontal_flip"":true,""random_rotation_degree"":45,""color_jitter_factor"":0.8}",ReduceLROnPlateau,4,7,val_macro_f1,val_macro_f1,9,11,0.38726,0.50961,0.47353,0.51736,0.69929,0.72581,0.04383,-0.02652,possible underfit / val exceeds train,0.46244,0.53185,0.50153,0.56022,0.66754,0.75,0.05869,-0.08246,possible underfit / val exceeds train,0.86364,0.76626,0.77183,0.76111,0.88014,0.97075,0.12513,0.11311,"[[24,16],[14,166]]",0.6,0.92222,16,14,40,180,220,0.81364,0.62023,0.66553,0.60417,0.69222,0.90247,0.18263,0.16537,"[[11,29],[12,168]]",0.275,0.93333,29,12,40,180,220,0.89091,0.78059,0.86565,0.73889,0.86556,0.96293,0.19662,0.1298,"[[20,20],[4,176]]",0.5,0.97778,20,4,220,0.89091,0.78059,0.86565,0.73889,0.87056,0.9653,0.18907,0.12646,"[[20,20],[4,176]]",0.5,0.97778,20,4,220,NA,NA,NA,NA,NA,NA,NA,NA,NA,NA,0,14,27,16,11,5,No artifact found,NA,
experiment_15,Exp 19 Final Valid,4c66c650/cc05a13d,Gamma 0.50 validation-selected,experiment_run,42,30,35,8,7,1084,1084,225,225,220,220,224,32,30,13,13,AdamW,3e-05,3e-05,0.0003,0.0001,0.4,0.3,5,4,0.0,"[2.5,1.0]","[1.7548633720450872,0.7726035850029893]",1.0,0.5,"{""random_horizontal_flip"":true,""random_rotation_degree"":68,""color_jitter_factor"":1.2}","{""random_horizontal_flip"":true,""random_rotation_degree"":45,""color_jitter_factor"":0.8}",ReduceLROnPlateau,4,5,val_macro_f1,val_macro_f1,9,8,0.38726,0.50961,0.47353,0.51736,0.69929,0.72581,0.04383,-0.02652,possible underfit / val exceeds train,0.32726,0.45165,0.45549,0.50143,0.70212,0.74014,0.04595,-0.03802,possible underfit / val exceeds train,0.86364,0.76626,0.77183,0.76111,0.88014,0.97075,0.12513,0.11311,"[[24,16],[14,166]]",0.6,0.92222,16,14,40,180,220,0.81818,0.64349,0.68041,0.62639,0.76181,0.93084,0.14672,0.14224,"[[13,27],[13,167]]",0.325,0.92778,27,13,40,180,220,0.88636,0.77992,0.83967,0.74583,0.86986,0.96449,0.16435,0.11971,"[[21,19],[6,174]]",0.525,0.96667,19,6,220,0.88636,0.77992,0.83967,0.74583,0.87208,0.96549,0.15824,0.11725,"[[21,19],[6,174]]",0.525,0.96667,19,6,220,NA,NA,NA,NA,NA,NA,NA,NA,NA,NA,0,15,25,15,12,7,No artifact found,NA,
experiment_16,Exp 21B,272e6028,Stabilisasi front stride 20,experiment_run,42,20,35,8,7,1576,1576,328,328,322,322,224,32,30,10,30,AdamW,3e-05,2e-05,0.0005,0.0005,0.4,0.3,5,4,0.0,"[2.5,1.0]","[2.5,1.0]",1.0,1.0,"{""random_horizontal_flip"":true,""random_rotation_degree"":68,""color_jitter_factor"":1.2}","{""random_horizontal_flip"":true,""random_rotation_degree"":45,""color_jitter_factor"":0.8}",ReduceLROnPlateau,4,6,val_macro_f1,val_loss,6,28,0.39932,0.48755,0.44548,0.51152,0.73751,0.71443,0.06605,0.02308,healthy,0.26053,0.3987,0.27267,0.3987,0.84743,0.73807,0.12603,0.10936,mild overfit,0.86335,0.78797,0.77094,0.81117,0.86731,0.94293,0.15551,0.12104,"[[43,16],[28,235]]",0.72881,0.89354,16,28,59,263,322,0.84472,0.75905,0.74384,0.78005,0.83148,0.93788,0.11827,0.12189,"[[40,19],[31,232]]",0.67797,0.88213,19,31,59,263,322,0.87267,0.78589,0.78781,0.78401,0.88013,0.96387,0.13519,0.10988,"[[38,21],[20,243]]",0.64407,0.92395,21,20,322,0.87267,0.78589,0.78781,0.78401,0.87414,0.96152,0.13074,0.10814,"[[38,21],[20,243]]",0.64407,0.92395,21,20,322,NA,NA,NA,NA,NA,NA,NA,NA,NA,NA,0,20,30,24,14,11,No artifact found,NA,
experiment_17,Exp 21C,df6ddaac,Stabilisasi side stride 20,experiment_run,42,20,35,8,7,1576,1576,328,328,322,322,224,32,30,10,30,AdamW,3e-05,2e-05,0.0005,0.0005,0.4,0.3,5,4,0.0,"[2.5,1.0]","[2.5,1.0]",1.0,1.0,"{""random_horizontal_flip"":true,""random_rotation_degree"":68,""color_jitter_factor"":1.2}","{""random_horizontal_flip"":true,""random_rotation_degree"":45,""color_jitter_factor"":0.8}",ReduceLROnPlateau,4,6,val_macro_f1,val_loss,6,28,0.39932,0.48755,0.44548,0.51152,0.73751,0.71443,0.06605,0.02308,healthy,0.26053,0.3987,0.27267,0.3987,0.84743,0.73807,0.12603,0.10936,mild overfit,0.86335,0.78797,0.77094,0.81117,0.86731,0.94293,0.15551,0.12104,"[[43,16],[28,235]]",0.72881,0.89354,16,28,59,263,322,0.84472,0.75905,0.74384,0.78005,0.83148,0.93788,0.11827,0.12189,"[[40,19],[31,232]]",0.67797,0.88213,19,31,59,263,322,0.87267,0.78589,0.78781,0.78401,0.88013,0.96387,0.13519,0.10988,"[[38,21],[20,243]]",0.64407,0.92395,21,20,322,0.87267,0.78589,0.78781,0.78401,0.87414,0.96152,0.13074,0.10814,"[[38,21],[20,243]]",0.64407,0.92395,21,20,322,NA,NA,NA,NA,NA,NA,NA,NA,NA,NA,0,20,30,24,14,11,No artifact found,NA,
experiment_18,Exp 21D,0459832c,Regularisasi side stride 30,experiment_run,42,30,35,8,7,1084,1084,225,225,220,220,224,32,30,13,30,AdamW,3e-05,2e-05,0.0005,0.001,0.4,0.4,5,4,0.0,"[2.5,1.0]","[2.5,1.0]",1.0,1.0,"{""random_horizontal_flip"":true,""random_rotation_degree"":68,""color_jitter_factor"":1.2}","{""random_horizontal_flip"":true,""random_rotation_degree"":45,""color_jitter_factor"":0.8}",ReduceLROnPlateau,4,5,val_macro_f1,val_loss,9,26,0.38726,0.50961,0.47353,0.51736,0.69929,0.72581,0.04383,-0.02652,possible underfit / val exceeds train,0.3948,0.50217,0.3948,0.50217,0.79013,0.68238,0.10738,0.10775,mild overfit,0.86364,0.76626,0.77183,0.76111,0.88014,0.97075,0.12513,0.11311,"[[24,16],[14,166]]",0.6,0.92222,16,14,40,180,220,0.80455,0.67468,0.67305,0.67639,0.75444,0.92515,0.16761,0.15333,"[[19,21],[22,158]]",0.475,0.87778,21,22,40,180,220,0.89545,0.81113,0.83868,0.79028,0.86292,0.96236,0.17916,0.12341,"[[25,15],[8,172]]",0.625,0.95556,15,8,220,0.89545,0.81113,0.83868,0.79028,0.865,0.96329,0.17159,0.12028,"[[25,15],[8,172]]",0.625,0.95556,15,8,220,NA,NA,NA,NA,NA,NA,NA,NA,NA,NA,0,17,26,13,13,6,No artifact found,NA,
experiment_19,Exp 21E / Final v2,0459832c,Light regularized side stride 30 / Final v2,experiment_run,42,30,35,8,7,1084,1084,225,225,220,220,224,32,30,13,30,AdamW,3e-05,2e-05,0.0005,0.001,0.4,0.3,5,4,0.0,"[2.5,1.0]","[2.5,1.0]",1.0,1.0,"{""random_horizontal_flip"":true,""random_rotation_degree"":68,""color_jitter_factor"":1.2}","{""random_horizontal_flip"":true,""random_rotation_degree"":45,""color_jitter_factor"":0.8}",ReduceLROnPlateau,4,6,val_macro_f1,val_loss,9,26,0.38726,0.50961,0.47353,0.51736,0.69929,0.72581,0.04383,-0.02652,possible underfit / val exceeds train,0.38117,0.49763,0.38293,0.49763,0.78942,0.68238,0.1147,0.10703,mild overfit,0.86364,0.76626,0.77183,0.76111,0.88014,0.97075,0.12513,0.11311,"[[24,16],[14,166]]",0.6,0.92222,16,14,40,180,220,0.81364,0.68372,0.68558,0.68194,0.7625,0.92732,0.16553,0.15004,"[[19,21],[20,160]]",0.475,0.88889,21,20,40,180,220,0.88636,0.79471,0.82086,0.775,0.86306,0.96256,0.16697,0.12193,"[[24,16],[9,171]]",0.6,0.95,16,9,220,0.88636,0.79471,0.82086,0.775,0.86514,0.96332,0.15947,0.11893,"[[24,16],[9,171]]",0.6,0.95,16,9,220,NA,NA,NA,NA,NA,NA,NA,NA,NA,NA,0,16,25,14,13,8,No artifact found,NA,
