check,value,status,evidence,notes
manifest_full_row_count,222034,VERIFIED,data/manifest_full.csv,
manifest_full_duplicate_full_rows,0,VERIFIED,data/manifest_full.csv,
manifest_full_duplicate_key_rows,0,VERIFIED,data/manifest_full.csv,key=filepath
manifest_binary_row_count,83190,VERIFIED,data/manifest_binary.csv,
manifest_binary_duplicate_full_rows,0,VERIFIED,data/manifest_binary.csv,
manifest_binary_duplicate_key_rows,0,VERIFIED,data/manifest_binary.csv,key=filepath
manifest_split_row_count,83190,VERIFIED,data/manifest_split.csv,
manifest_split_duplicate_full_rows,0,VERIFIED,data/manifest_split.csv,
manifest_split_duplicate_key_rows,0,VERIFIED,data/manifest_split.csv,key=filepath
manifest_paired_row_count,41595,VERIFIED,data/manifest_paired.csv,
manifest_paired_duplicate_full_rows,0,VERIFIED,data/manifest_paired.csv,
manifest_paired_duplicate_key_rows,0,VERIFIED,data/manifest_paired.csv,key=subject_id+activity_id+frame
subject_overlap_train_val,[],VERIFIED_PASS,data/manifest_split.csv,
subject_overlap_train_test,[],VERIFIED_PASS,data/manifest_split.csv,
subject_overlap_test_val,[],VERIFIED_PASS,data/manifest_split.csv,
single_view_sample_keys_in_multiple_splits,0,VERIFIED_PASS,data/manifest_split.csv,
manifest_split_referenced_files_missing_sample500,0,SAMPLED_VERIFIED_PASS,data/manifest_split.csv,checked first 500 references only
manifest_paired_referenced_files_missing_sample500,0,SAMPLED_VERIFIED_PASS,data/manifest_paired.csv,checked first 1000 references only
S31_RGB1_AC9_AC10_correction_implementation,"[{""activity_id_raw"": 1, ""activity_id"": 1, ""rows"": 104}, {""activity_id_raw"": 2, ""activity_id"": 2, ""rows"": 125}, {""activity_id_raw"": 3, ""activity_id"": 3, ""rows"": 112}, {""activity_id_raw"": 4, ""activity_id"": 4, ""rows"": 118}, {""activity_id_raw"": 5, ""activity_id"": 5, ""rows"": 100}, {""activity_id_raw"": 6, ""activity_id"": 6, ""rows"": 83}, {""activity_id_raw"": 7, ""activity_id"": 7, ""rows"": 111}, {""activity_id_raw"": 8, ""activity_id"": 8, ""rows"": 124}, {""activity_id_raw"": 9, ""activity_id"": 10, ""rows"": 117}, {""activity_id_raw"": 10, ""activity_id"": 9, ""rows"": 138}, {""activity_id_raw"": 11, ""activity_id"": 11, ""rows"": 123}, {""activity_id_raw"": 12, ""activity_id"": 12, ""rows"": 125}, {""activity_id_raw"": 13, ""activity_id"": 13, ""rows"": 104}, {""activity_id_raw"": 14, ""activity_id"": 14, ""rows"": 94}, {""activity_id_raw"": 15, ""activity_id"": 15, ""rows"": 111}, {""activity_id_raw"": 16, ""activity_id"": 16, ""rows"": 118}]",PARTIAL_VERIFIED,experiment_18/src/config.py,Correction implemented in config/manifests; separate visual-proof artifact not found.
