row_index,subject_id,activity_id,frame,true_label,front_pred,side_pred,average_pred,adaptive_pred,front_prob_phone,side_prob_phone,average_prob_phone,adaptive_prob_phone,adaptive_front_weight,adaptive_side_weight,category,manual_visual_review_required,filepath_front,filepath_side,visual_cause_claim
1,10,1,121,safe_driving,1,1,1,1,0.51825,0.76363,0.64094,0.65592,0.43896,0.56104,both_views_and_fusion_wrong,True,D:\Skripsi\Experiment_TA\data\raw\RGB2\S10\AC1\RGB2_SUB10ACT1F121.jpg,D:\Skripsi\Experiment_TA\data\raw\RGB1\S10\AC1\RGB1_SUB10ACT1F121.jpg,NA
3,10,1,61,safe_driving,1,1,1,1,0.77354,0.80114,0.78734,0.78753,0.4931,0.5069,both_views_and_fusion_wrong,True,D:\Skripsi\Experiment_TA\data\raw\RGB2\S10\AC1\RGB2_SUB10ACT1F61.jpg,D:\Skripsi\Experiment_TA\data\raw\RGB1\S10\AC1\RGB1_SUB10ACT1F61.jpg,NA
4,10,1,91,safe_driving,0,1,1,1,0.44539,0.86911,0.65725,0.69029,0.42202,0.57798,fusion_broke_front_correct,True,D:\Skripsi\Experiment_TA\data\raw\RGB2\S10\AC1\RGB2_SUB10ACT1F91.jpg,D:\Skripsi\Experiment_TA\data\raw\RGB1\S10\AC1\RGB1_SUB10ACT1F91.jpg,NA
12,10,6,31,phone_use,0,1,1,1,0.44934,0.77883,0.61408,0.6328,0.4432,0.5568,fusion_fixed_front_error,True,D:\Skripsi\Experiment_TA\data\raw\RGB2\S10\AC6\RGB2_SUB10ACT6F31.jpg,D:\Skripsi\Experiment_TA\data\raw\RGB1\S10\AC6\RGB1_SUB10ACT6F31.jpg,NA
13,10,6,61,phone_use,0,1,1,1,0.47156,0.81236,0.64196,0.66599,0.42949,0.57051,fusion_fixed_front_error,True,D:\Skripsi\Experiment_TA\data\raw\RGB2\S10\AC6\RGB2_SUB10ACT6F61.jpg,D:\Skripsi\Experiment_TA\data\raw\RGB1\S10\AC6\RGB1_SUB10ACT6F61.jpg,NA
14,10,6,91,phone_use,0,1,1,1,0.2863,0.79576,0.54103,0.55147,0.4795,0.5205,fusion_fixed_front_error,True,D:\Skripsi\Experiment_TA\data\raw\RGB2\S10\AC6\RGB2_SUB10ACT6F91.jpg,D:\Skripsi\Experiment_TA\data\raw\RGB1\S10\AC6\RGB1_SUB10ACT6F91.jpg,NA
20,10,8,121,phone_use,0,1,1,1,0.45152,0.80791,0.62972,0.6527,0.4355,0.5645,fusion_fixed_front_error,True,D:\Skripsi\Experiment_TA\data\raw\RGB2\S10\AC8\RGB2_SUB10ACT8F121.jpg,D:\Skripsi\Experiment_TA\data\raw\RGB1\S10\AC8\RGB1_SUB10ACT8F121.jpg,NA
31,11,1,121,safe_driving,1,1,1,1,0.66415,0.59294,0.62854,0.62981,0.51779,0.48221,both_views_and_fusion_wrong,True,D:\Skripsi\Experiment_TA\data\raw\RGB2\S11\AC1\RGB2_SUB11ACT1F121.jpg,D:\Skripsi\Experiment_TA\data\raw\RGB1\S11\AC1\RGB1_SUB11ACT1F121.jpg,NA
32,11,1,151,safe_driving,1,1,1,1,0.67496,0.64328,0.65912,0.65937,0.50792,0.49208,both_views_and_fusion_wrong,True,D:\Skripsi\Experiment_TA\data\raw\RGB2\S11\AC1\RGB2_SUB11ACT1F151.jpg,D:\Skripsi\Experiment_TA\data\raw\RGB1\S11\AC1\RGB1_SUB11ACT1F151.jpg,NA
33,11,1,31,safe_driving,1,1,1,1,0.67278,0.63195,0.65237,0.65279,0.51021,0.48979,both_views_and_fusion_wrong,True,D:\Skripsi\Experiment_TA\data\raw\RGB2\S11\AC1\RGB2_SUB11ACT1F31.jpg,D:\Skripsi\Experiment_TA\data\raw\RGB1\S11\AC1\RGB1_SUB11ACT1F31.jpg,NA
34,11,1,61,safe_driving,1,1,1,1,0.74634,0.88879,0.81756,0.82263,0.46445,0.53555,both_views_and_fusion_wrong,True,D:\Skripsi\Experiment_TA\data\raw\RGB2\S11\AC1\RGB2_SUB11ACT1F61.jpg,D:\Skripsi\Experiment_TA\data\raw\RGB1\S11\AC1\RGB1_SUB11ACT1F61.jpg,NA
35,11,1,91,safe_driving,1,1,1,1,0.82237,0.71842,0.7704,0.7731,0.52597,0.47403,both_views_and_fusion_wrong,True,D:\Skripsi\Experiment_TA\data\raw\RGB2\S11\AC1\RGB2_SUB11ACT1F91.jpg,D:\Skripsi\Experiment_TA\data\raw\RGB1\S11\AC1\RGB1_SUB11ACT1F91.jpg,NA
57,17,1,1,safe_driving,0,1,1,1,0.47906,0.82962,0.65434,0.68118,0.42344,0.57656,fusion_broke_front_correct,True,D:\Skripsi\Experiment_TA\data\raw\RGB2\S17\AC1\RGB2_SUB17ACT1F1.jpg,D:\Skripsi\Experiment_TA\data\raw\RGB1\S17\AC1\RGB1_SUB17ACT1F1.jpg,NA
59,17,1,151,safe_driving,0,1,1,1,0.40593,0.83392,0.61992,0.64546,0.44032,0.55968,fusion_broke_front_correct,True,D:\Skripsi\Experiment_TA\data\raw\RGB2\S17\AC1\RGB2_SUB17ACT1F151.jpg,D:\Skripsi\Experiment_TA\data\raw\RGB1\S17\AC1\RGB1_SUB17ACT1F151.jpg,NA
68,17,6,1,phone_use,0,0,0,0,0.38849,0.43244,0.41047,0.40998,0.51098,0.48902,both_views_and_fusion_wrong,True,D:\Skripsi\Experiment_TA\data\raw\RGB2\S17\AC6\RGB2_SUB17ACT6F1.jpg,D:\Skripsi\Experiment_TA\data\raw\RGB1\S17\AC6\RGB1_SUB17ACT6F1.jpg,NA
85,17,8,91,phone_use,0,1,1,1,0.39038,0.71562,0.553,0.56161,0.47353,0.52647,fusion_fixed_front_error,True,D:\Skripsi\Experiment_TA\data\raw\RGB2\S17\AC8\RGB2_SUB17ACT8F91.jpg,D:\Skripsi\Experiment_TA\data\raw\RGB1\S17\AC8\RGB1_SUB17ACT8F91.jpg,NA
118,21,8,61,phone_use,1,0,0,0,0.56071,0.33416,0.44743,0.44149,0.47374,0.52626,fusion_broke_front_correct,True,D:\Skripsi\Experiment_TA\data\raw\RGB2\S21\AC8\RGB2_SUB21ACT8F61.jpg,D:\Skripsi\Experiment_TA\data\raw\RGB1\S21\AC8\RGB1_SUB21ACT8F61.jpg,NA
125,4,1,1,safe_driving,1,1,1,1,0.74456,0.56644,0.6555,0.66341,0.54441,0.45559,both_views_and_fusion_wrong,True,D:\Skripsi\Experiment_TA\data\raw\RGB2\S4\AC1\RGB2_SUB4ACT1F1.jpg,D:\Skripsi\Experiment_TA\data\raw\RGB1\S4\AC1\RGB1_SUB4ACT1F1.jpg,NA
126,4,1,121,safe_driving,1,0,0,0,0.54008,0.40804,0.47406,0.47235,0.48703,0.51297,fusion_fixed_front_error,True,D:\Skripsi\Experiment_TA\data\raw\RGB2\S4\AC1\RGB2_SUB4ACT1F121.jpg,D:\Skripsi\Experiment_TA\data\raw\RGB1\S4\AC1\RGB1_SUB4ACT1F121.jpg,NA
129,4,1,61,safe_driving,1,0,0,0,0.5186,0.46078,0.48969,0.48939,0.49484,0.50516,fusion_fixed_front_error,True,D:\Skripsi\Experiment_TA\data\raw\RGB2\S4\AC1\RGB2_SUB4ACT1F61.jpg,D:\Skripsi\Experiment_TA\data\raw\RGB1\S4\AC1\RGB1_SUB4ACT1F61.jpg,NA
132,4,5,31,phone_use,0,1,1,1,0.45619,0.71627,0.58623,0.59741,0.45699,0.54301,fusion_fixed_front_error,True,D:\Skripsi\Experiment_TA\data\raw\RGB2\S4\AC5\RGB2_SUB4ACT5F31.jpg,D:\Skripsi\Experiment_TA\data\raw\RGB1\S4\AC5\RGB1_SUB4ACT5F31.jpg,NA
138,4,7,1,phone_use,0,1,1,1,0.31064,0.705,0.50782,0.50936,0.49609,0.50391,fusion_fixed_front_error,True,D:\Skripsi\Experiment_TA\data\raw\RGB2\S4\AC7\RGB2_SUB4ACT7F1.jpg,D:\Skripsi\Experiment_TA\data\raw\RGB1\S4\AC7\RGB1_SUB4ACT7F1.jpg,NA
148,4,8,61,phone_use,0,1,1,1,0.46221,0.8974,0.67981,0.71851,0.41105,0.58895,fusion_fixed_front_error,True,D:\Skripsi\Experiment_TA\data\raw\RGB2\S4\AC8\RGB2_SUB4ACT8F61.jpg,D:\Skripsi\Experiment_TA\data\raw\RGB1\S4\AC8\RGB1_SUB4ACT8F61.jpg,NA
150,4,9,1,phone_use,0,0,0,0,0.43028,0.40612,0.4182,0.41805,0.49396,0.50604,both_views_and_fusion_wrong,True,D:\Skripsi\Experiment_TA\data\raw\RGB2\S4\AC9\RGB2_SUB4ACT9F1.jpg,D:\Skripsi\Experiment_TA\data\raw\RGB1\S4\AC9\RGB1_SUB4ACT9F1.jpg,NA
157,42,1,1,safe_driving,1,0,0,0,0.55915,0.27482,0.41698,0.40521,0.45859,0.54141,fusion_fixed_front_error,True,D:\Skripsi\Experiment_TA\data\raw\RGB2\S42\AC1\RGB2_SUB42ACT1F1.jpg,D:\Skripsi\Experiment_TA\data\raw\RGB1\S42\AC1\RGB1_SUB42ACT1F1.jpg,NA
158,42,1,31,safe_driving,1,0,0,0,0.64733,0.32189,0.48461,0.48211,0.49231,0.50769,fusion_fixed_front_error,True,D:\Skripsi\Experiment_TA\data\raw\RGB2\S42\AC1\RGB2_SUB42ACT1F31.jpg,D:\Skripsi\Experiment_TA\data\raw\RGB1\S42\AC1\RGB1_SUB42ACT1F31.jpg,NA
166,42,6,61,phone_use,0,0,0,0,0.49517,0.45838,0.47678,0.47644,0.4908,0.5092,both_views_and_fusion_wrong,True,D:\Skripsi\Experiment_TA\data\raw\RGB2\S42\AC6\RGB2_SUB42ACT6F61.jpg,D:\Skripsi\Experiment_TA\data\raw\RGB1\S42\AC6\RGB1_SUB42ACT6F61.jpg,NA
173,42,8,121,phone_use,1,0,0,0,0.58027,0.38609,0.48318,0.48155,0.49159,0.50841,fusion_broke_front_correct,True,D:\Skripsi\Experiment_TA\data\raw\RGB2\S42\AC8\RGB2_SUB42ACT8F121.jpg,D:\Skripsi\Experiment_TA\data\raw\RGB1\S42\AC8\RGB1_SUB42ACT8F121.jpg,NA
176,42,8,91,phone_use,0,1,1,1,0.41831,0.58991,0.50411,0.50446,0.49794,0.50206,fusion_fixed_front_error,True,D:\Skripsi\Experiment_TA\data\raw\RGB2\S42\AC8\RGB2_SUB42ACT8F91.jpg,D:\Skripsi\Experiment_TA\data\raw\RGB1\S42\AC8\RGB1_SUB42ACT8F91.jpg,NA
183,8,1,121,safe_driving,1,1,1,1,0.68585,0.62605,0.65595,0.65684,0.51494,0.48506,both_views_and_fusion_wrong,True,D:\Skripsi\Experiment_TA\data\raw\RGB2\S8\AC1\RGB2_SUB8ACT1F121.jpg,D:\Skripsi\Experiment_TA\data\raw\RGB1\S8\AC1\RGB1_SUB8ACT1F121.jpg,NA
184,8,1,151,safe_driving,1,1,1,1,0.73417,0.51632,0.62524,0.63706,0.55425,0.44575,both_views_and_fusion_wrong,True,D:\Skripsi\Experiment_TA\data\raw\RGB2\S8\AC1\RGB2_SUB8ACT1F151.jpg,D:\Skripsi\Experiment_TA\data\raw\RGB1\S8\AC1\RGB1_SUB8ACT1F151.jpg,NA
185,8,1,181,safe_driving,1,1,1,1,0.60323,0.52652,0.56487,0.56634,0.51917,0.48083,both_views_and_fusion_wrong,True,D:\Skripsi\Experiment_TA\data\raw\RGB2\S8\AC1\RGB2_SUB8ACT1F181.jpg,D:\Skripsi\Experiment_TA\data\raw\RGB1\S8\AC1\RGB1_SUB8ACT1F181.jpg,NA
186,8,1,211,safe_driving,1,1,1,1,0.77936,0.76987,0.77461,0.77464,0.50237,0.49763,both_views_and_fusion_wrong,True,D:\Skripsi\Experiment_TA\data\raw\RGB2\S8\AC1\RGB2_SUB8ACT1F211.jpg,D:\Skripsi\Experiment_TA\data\raw\RGB1\S8\AC1\RGB1_SUB8ACT1F211.jpg,NA
190,8,5,1,phone_use,0,0,0,0,0.41705,0.37044,0.39375,0.3932,0.48835,0.51165,both_views_and_fusion_wrong,True,D:\Skripsi\Experiment_TA\data\raw\RGB2\S8\AC5\RGB2_SUB8ACT5F1.jpg,D:\Skripsi\Experiment_TA\data\raw\RGB1\S8\AC5\RGB1_SUB8ACT5F1.jpg,NA
207,8,8,1,phone_use,0,0,0,0,0.40836,0.49524,0.4518,0.44991,0.52171,0.47829,both_views_and_fusion_wrong,True,D:\Skripsi\Experiment_TA\data\raw\RGB2\S8\AC8\RGB2_SUB8ACT8F1.jpg,D:\Skripsi\Experiment_TA\data\raw\RGB1\S8\AC8\RGB1_SUB8ACT8F1.jpg,NA
210,8,8,181,phone_use,1,0,0,0,0.53978,0.4145,0.47714,0.47571,0.48857,0.51143,fusion_broke_front_correct,True,D:\Skripsi\Experiment_TA\data\raw\RGB2\S8\AC8\RGB2_SUB8ACT8F181.jpg,D:\Skripsi\Experiment_TA\data\raw\RGB1\S8\AC8\RGB1_SUB8ACT8F181.jpg,NA
