artifact,seed,model,train_macro_f1,val_macro_f1,train_val_f1_gap,train_loss,val_loss,train_val_loss_gap,best_epoch,test_accuracy,test_macro_f1,macro_precision,macro_recall,safe_precision,safe_recall,safe_f1,phone_precision,phone_recall,phone_f1,roc_auc,pr_auc,ece,brier,tn,fp,fn,tp,metric,seed42,seed43,seed44,mean,std,min,max,both_correct,front_correct_side_wrong,front_wrong_side_correct,both_wrong,fusion_fixed_front_error,fusion_broke_front_correct,fusion_correct_when_side_wrong,fusion_wrong_when_side_correct,side_only_correct,fusion_correct_when_both_wrong,fusion_wrong_when_both_single_view_correct,mean_front_weight,mean_side_weight,std_front_weight,std_side_weight,min_front_weight,max_front_weight,min_side_weight,max_side_weight,adaptive_vs_average_prediction_diff_count,adaptive_vs_average_prediction_diff_pct,front_weight_gt_side_count,side_weight_gt_front_count,both_weights_near_0_5_count
experiment_23/results/robustness_full_results.csv,42,front,0.69929,0.72581,-0.02652,0.47353,0.51736,0.04383,9.0,0.86364,0.76626,0.77183,0.76111,0.63158,0.6,0.61538,0.91209,0.92222,0.91713,0.88014,0.97075,0.12513,0.11311,24,16,14,166,,,,,,,,,,,,,,,,,,,,,,,,,,,,,,,,
experiment_23/results/robustness_full_results.csv,42,side,0.79013,0.68238,0.10775,0.3948,0.50217,0.10738,26.0,0.80455,0.67468,0.67305,0.67639,0.46341,0.475,0.46914,0.88268,0.87778,0.88022,0.75444,0.92515,0.16761,0.15333,19,21,22,158,,,,,,,,,,,,,,,,,,,,,,,,,,,,,,,,
experiment_23/results/robustness_full_results.csv,42,average_fusion,NA,NA,NA,NA,NA,NA,NA,0.89545,0.81113,0.83868,0.79028,0.75758,0.625,0.68493,0.91979,0.95556,0.93733,0.86292,0.96236,0.17916,0.12341,25,15,8,172,,,,,,,,,,,,,,,,,,,,,,,,,,,,,,,,
experiment_23/results/robustness_full_results.csv,42,adaptive_fusion,NA,NA,NA,NA,NA,NA,NA,0.89545,0.81113,0.83868,0.79028,0.75758,0.625,0.68493,0.91979,0.95556,0.93733,0.865,0.96329,0.17159,0.12028,25,15,8,172,,,,,,,,,,,,,,,,,,,,,,,,,,,,,,,,
experiment_23/results/robustness_full_results.csv,43,front,0.72313,0.66329,0.05985,0.44484,0.50045,0.05562,13.0,0.81364,0.72049,0.70337,0.75,0.49057,0.65,0.55914,0.91617,0.85,0.88184,0.84347,0.95876,0.16235,0.13921,26,14,27,153,,,,,,,,,,,,,,,,,,,,,,,,,,,,,,,,
experiment_23/results/robustness_full_results.csv,43,side,0.67189,0.69447,-0.02259,0.50707,0.52728,0.02021,14.0,0.76364,0.66353,0.65,0.7,0.4,0.6,0.48,0.9,0.8,0.84706,0.73778,0.91933,0.20334,0.1777,24,16,36,144,,,,,,,,,,,,,,,,,,,,,,,,,,,,,,,,
experiment_23/results/robustness_full_results.csv,43,average_fusion,NA,NA,NA,NA,NA,NA,NA,0.84545,0.74028,0.74028,0.74028,0.575,0.575,0.575,0.90556,0.90556,0.90556,0.83736,0.95286,0.19494,0.14978,23,17,17,163,,,,,,,,,,,,,,,,,,,,,,,,,,,,,,,,
experiment_23/results/robustness_full_results.csv,43,adaptive_fusion,NA,NA,NA,NA,NA,NA,NA,0.84545,0.74028,0.74028,0.74028,0.575,0.575,0.575,0.90556,0.90556,0.90556,0.84042,0.95434,0.18907,0.14679,23,17,17,163,,,,,,,,,,,,,,,,,,,,,,,,,,,,,,,,
experiment_23/results/robustness_full_results.csv,44,front,0.73299,0.62719,0.10581,0.45384,0.55147,0.09763,9.0,0.85,0.7594,0.74889,0.77222,0.57778,0.65,0.61176,0.92,0.89444,0.90704,0.82486,0.94716,0.1289,0.12365,26,14,19,161,,,,,,,,,,,,,,,,,,,,,,,,,,,,,,,,
experiment_23/results/robustness_full_results.csv,44,side,0.73409,0.72676,0.00733,0.43036,0.48299,0.05263,13.0,0.80455,0.70213,0.68796,0.725,0.47059,0.6,0.52747,0.90533,0.85,0.87679,0.80014,0.94644,0.12627,0.1397,24,16,27,153,,,,,,,,,,,,,,,,,,,,,,,,,,,,,,,,
experiment_23/results/robustness_full_results.csv,44,average_fusion,NA,NA,NA,NA,NA,NA,NA,0.86364,0.76626,0.77183,0.76111,0.63158,0.6,0.61538,0.91209,0.92222,0.91713,0.84736,0.95702,0.14072,0.12131,24,16,14,166,,,,,,,,,,,,,,,,,,,,,,,,,,,,,,,,
experiment_23/results/robustness_full_results.csv,44,adaptive_fusion,NA,NA,NA,NA,NA,NA,NA,0.86364,0.76626,0.77183,0.76111,0.63158,0.6,0.61538,0.91209,0.92222,0.91713,0.84833,0.95745,0.13498,0.11934,24,16,14,166,,,,,,,,,,,,,,,,,,,,,,,,,,,,,,,,
experiment_23/results/robustness_aggregate.csv,,Front,,,,,,,,,,,,,,,,,,,,,,,,,,Test Macro F1,0.76626,0.72049,0.7594,0.74872,0.02468,0.72049,0.76626,,,,,,,,,,,,,,,,,,,,,,,,
experiment_23/results/robustness_aggregate.csv,,Front,,,,,,,,,,,,,,,,,,,,,,,,,,Safe Recall,0.6,0.65,0.65,0.63333,0.02887,0.6,0.65,,,,,,,,,,,,,,,,,,,,,,,,
experiment_23/results/robustness_aggregate.csv,,Front,,,,,,,,,,,,,,,,,,,,,,,,,,Phone Recall,0.92222,0.85,0.89444,0.88889,0.03643,0.85,0.92222,,,,,,,,,,,,,,,,,,,,,,,,
experiment_23/results/robustness_aggregate.csv,,Front,,,,,,,,,,,,,,,,,,,,,,,,,,ROC-AUC,0.88014,0.84347,0.82486,0.84949,0.02813,0.82486,0.88014,,,,,,,,,,,,,,,,,,,,,,,,
experiment_23/results/robustness_aggregate.csv,,Front,,,,,,,,,,,,,,,,,,,,,,,,,,PR-AUC,0.97075,0.95876,0.94716,0.95889,0.0118,0.94716,0.97075,,,,,,,,,,,,,,,,,,,,,,,,
experiment_23/results/robustness_aggregate.csv,,Front,,,,,,,,,,,,,,,,,,,,,,,,,,ECE,0.12513,0.16235,0.1289,0.13879,0.02049,0.12513,0.16235,,,,,,,,,,,,,,,,,,,,,,,,
experiment_23/results/robustness_aggregate.csv,,Front,,,,,,,,,,,,,,,,,,,,,,,,,,Brier,0.11311,0.13921,0.12365,0.12532,0.01313,0.11311,0.13921,,,,,,,,,,,,,,,,,,,,,,,,
experiment_23/results/robustness_aggregate.csv,,Side,,,,,,,,,,,,,,,,,,,,,,,,,,Test Macro F1,0.67468,0.66353,0.70213,0.68011,0.01987,0.66353,0.70213,,,,,,,,,,,,,,,,,,,,,,,,
experiment_23/results/robustness_aggregate.csv,,Side,,,,,,,,,,,,,,,,,,,,,,,,,,Safe Recall,0.475,0.6,0.6,0.55833,0.07217,0.475,0.6,,,,,,,,,,,,,,,,,,,,,,,,
experiment_23/results/robustness_aggregate.csv,,Side,,,,,,,,,,,,,,,,,,,,,,,,,,Phone Recall,0.87778,0.8,0.85,0.84259,0.03942,0.8,0.87778,,,,,,,,,,,,,,,,,,,,,,,,
experiment_23/results/robustness_aggregate.csv,,Side,,,,,,,,,,,,,,,,,,,,,,,,,,ROC-AUC,0.75444,0.73778,0.80014,0.76412,0.03229,0.73778,0.80014,,,,,,,,,,,,,,,,,,,,,,,,
experiment_23/results/robustness_aggregate.csv,,Side,,,,,,,,,,,,,,,,,,,,,,,,,,PR-AUC,0.92515,0.91933,0.94644,0.93031,0.01427,0.91933,0.94644,,,,,,,,,,,,,,,,,,,,,,,,
experiment_23/results/robustness_aggregate.csv,,Side,,,,,,,,,,,,,,,,,,,,,,,,,,ECE,0.16761,0.20334,0.12627,0.16574,0.03857,0.12627,0.20334,,,,,,,,,,,,,,,,,,,,,,,,
experiment_23/results/robustness_aggregate.csv,,Side,,,,,,,,,,,,,,,,,,,,,,,,,,Brier,0.15333,0.1777,0.1397,0.15691,0.01925,0.1397,0.1777,,,,,,,,,,,,,,,,,,,,,,,,
experiment_23/results/robustness_aggregate.csv,,Average Fusion,,,,,,,,,,,,,,,,,,,,,,,,,,Test Macro F1,0.81113,0.74028,0.76626,0.77256,0.03584,0.74028,0.81113,,,,,,,,,,,,,,,,,,,,,,,,
experiment_23/results/robustness_aggregate.csv,,Average Fusion,,,,,,,,,,,,,,,,,,,,,,,,,,Safe Recall,0.625,0.575,0.6,0.6,0.025,0.575,0.625,,,,,,,,,,,,,,,,,,,,,,,,
experiment_23/results/robustness_aggregate.csv,,Average Fusion,,,,,,,,,,,,,,,,,,,,,,,,,,Phone Recall,0.95556,0.90556,0.92222,0.92778,0.02546,0.90556,0.95556,,,,,,,,,,,,,,,,,,,,,,,,
experiment_23/results/robustness_aggregate.csv,,Average Fusion,,,,,,,,,,,,,,,,,,,,,,,,,,ROC-AUC,0.86292,0.83736,0.84736,0.84921,0.01288,0.83736,0.86292,,,,,,,,,,,,,,,,,,,,,,,,
experiment_23/results/robustness_aggregate.csv,,Average Fusion,,,,,,,,,,,,,,,,,,,,,,,,,,PR-AUC,0.96236,0.95286,0.95702,0.95741,0.00476,0.95286,0.96236,,,,,,,,,,,,,,,,,,,,,,,,
experiment_23/results/robustness_aggregate.csv,,Average Fusion,,,,,,,,,,,,,,,,,,,,,,,,,,ECE,0.17916,0.19494,0.14072,0.17161,0.02789,0.14072,0.19494,,,,,,,,,,,,,,,,,,,,,,,,
experiment_23/results/robustness_aggregate.csv,,Average Fusion,,,,,,,,,,,,,,,,,,,,,,,,,,Brier,0.12341,0.14978,0.12131,0.1315,0.01587,0.12131,0.14978,,,,,,,,,,,,,,,,,,,,,,,,
experiment_23/results/robustness_aggregate.csv,,Adaptive Fusion,,,,,,,,,,,,,,,,,,,,,,,,,,Test Macro F1,0.81113,0.74028,0.76626,0.77256,0.03584,0.74028,0.81113,,,,,,,,,,,,,,,,,,,,,,,,
experiment_23/results/robustness_aggregate.csv,,Adaptive Fusion,,,,,,,,,,,,,,,,,,,,,,,,,,Safe Recall,0.625,0.575,0.6,0.6,0.025,0.575,0.625,,,,,,,,,,,,,,,,,,,,,,,,
experiment_23/results/robustness_aggregate.csv,,Adaptive Fusion,,,,,,,,,,,,,,,,,,,,,,,,,,Phone Recall,0.95556,0.90556,0.92222,0.92778,0.02546,0.90556,0.95556,,,,,,,,,,,,,,,,,,,,,,,,
experiment_23/results/robustness_aggregate.csv,,Adaptive Fusion,,,,,,,,,,,,,,,,,,,,,,,,,,ROC-AUC,0.865,0.84042,0.84833,0.85125,0.01255,0.84042,0.865,,,,,,,,,,,,,,,,,,,,,,,,
experiment_23/results/robustness_aggregate.csv,,Adaptive Fusion,,,,,,,,,,,,,,,,,,,,,,,,,,PR-AUC,0.96329,0.95434,0.95745,0.95836,0.00454,0.95434,0.96329,,,,,,,,,,,,,,,,,,,,,,,,
experiment_23/results/robustness_aggregate.csv,,Adaptive Fusion,,,,,,,,,,,,,,,,,,,,,,,,,,ECE,0.17159,0.18907,0.13498,0.16521,0.0276,0.13498,0.18907,,,,,,,,,,,,,,,,,,,,,,,,
experiment_23/results/robustness_aggregate.csv,,Adaptive Fusion,,,,,,,,,,,,,,,,,,,,,,,,,,Brier,0.12028,0.14679,0.11934,0.1288,0.01558,0.11934,0.14679,,,,,,,,,,,,,,,,,,,,,,,,
experiment_23/results/robustness_aggregate.csv,,Front,,,,,,,,,,,,,,,,,,,,,,,,,,Train-Val F1 Gap,-0.02652,0.05985,0.10581,0.04638,0.06719,-0.02652,0.10581,,,,,,,,,,,,,,,,,,,,,,,,
experiment_23/results/robustness_aggregate.csv,,Side,,,,,,,,,,,,,,,,,,,,,,,,,,Train-Val F1 Gap,0.10775,-0.02259,0.00733,0.03083,0.06827,-0.02259,0.10775,,,,,,,,,,,,,,,,,,,,,,,,
experiment_23/results/complementarity_by_seed.csv,42,,,,,,,,,,,,,,,,,,,,,,,,,,,,,,,,,,,164,26,13,17,13,6,20,0,13,0,0,,,,,,,,,,,,,
experiment_23/results/complementarity_by_seed.csv,43,,,,,,,,,,,,,,,,,,,,,,,,,,,,,,,,,,,146,33,22,19,14,7,26,8,22,0,0,,,,,,,,,,,,,
experiment_23/results/complementarity_by_seed.csv,44,,,,,,,,,,,,,,,,,,,,,,,,,,,,,,,,,,,162,25,15,18,9,6,19,6,15,0,0,,,,,,,,,,,,,
experiment_23/results/adaptive_weights_by_seed.csv,42,,,,,,,,,,,,,,,,,,,,,,,,,,,,,,,,,,,,,,,,,,,,,,0.5126,0.4874,0.03914,0.03914,0.41105,0.61037,0.38963,0.58895,0,0.0,139,81,173
experiment_23/results/adaptive_weights_by_seed.csv,43,,,,,,,,,,,,,,,,,,,,,,,,,,,,,,,,,,,,,,,,,,,,,,0.51439,0.48561,0.03382,0.03382,0.41015,0.59623,0.40377,0.58985,0,0.0,143,77,181
experiment_23/results/adaptive_weights_by_seed.csv,44,,,,,,,,,,,,,,,,,,,,,,,,,,,,,,,,,,,,,,,,,,,,,,0.50368,0.49632,0.03877,0.03877,0.40256,0.60711,0.39289,0.59744,0,0.0,120,100,174
