Experiment,Historical source mapping,Stride,Seed,Train sample count,Val sample count,Test sample count,Front LR,Front Weight Decay,Front Dropout,Front Freeze stage,Front Label smoothing,Front Class weight,Front Class weight gamma,Front Rotation,Front Color jitter,Front Scheduler type,Front Scheduler factor,Front Scheduler patience,Front Early stopping patience,Front Checkpoint monitor,Front Best epoch,Side LR,Side Weight Decay,Side Dropout,Side Freeze stage,Side Label smoothing,Side Class weight,Side Class weight gamma,Side Rotation,Side Color jitter,Side Scheduler type,Side Scheduler factor,Side Scheduler patience,Side Early stopping patience,Side Checkpoint monitor,Side Best epoch,Front selected train loss,Front selected val loss,Front selected train Macro F1,Front selected val Macro F1,Front train-val loss gap,Front train-val F1 gap,Side selected train loss,Side selected val loss,Side selected train Macro F1,Side selected val Macro F1,Side train-val loss gap,Side train-val F1 gap,Front Test Macro F1,Front Test Accuracy,Front Test Precision Macro,Front Test Recall Macro,Front Safe Recall,Front Phone Recall,Front ROC-AUC,Front PR-AUC,Front ECE,Front Brier,Front Confusion Matrix,Side Test Macro F1,Side Test Accuracy,Side Test Precision Macro,Side Test Recall Macro,Side Safe Recall,Side Phone Recall,Side ROC-AUC,Side PR-AUC,Side ECE,Side Brier,Side Confusion Matrix,Average Fusion Macro F1,Adaptive Fusion Macro F1,Average Safe Recall,Average Phone Recall,Adaptive Safe Recall,Adaptive Phone Recall,Fusion ROC-AUC,Fusion PR-AUC,Fusion ECE,Fusion Brier,Fusion Confusion Matrix,fusion_gain_vs_best_single_view,mean_abs_train_val_f1_gap,mean_val_macro_f1,mean_test_single_view_macro_f1,Notes
experiment_1,Exp 1,15,42,front=2067;side=2067,front=431;side=431,front=419;side=419,0.0001,0.0,0.3,0,0.0,NA,1.0,10,0.2,NA,NA,NA,5,val_macro_f1,6,0.0001,0.0,0.3,0,0.0,NA,1.0,10,0.2,NA,NA,NA,5,val_macro_f1,1,0.0275,0.20009,0.98541,0.88682,0.17259,0.09859,0.42092,0.29481,0.60001,0.75748,-0.12611,-0.15748,0.83759,0.91647,0.91022,0.79534,0.60526,0.98542,0.91725,0.97108,0.05595,0.07046,"[[46,30],[5,338]]",0.61415,0.84487,0.81849,0.59285,0.19737,0.98834,0.86205,0.9648,0.057,0.10987,"[[15,61],[4,339]]",0.81773,0.81773,0.55263,0.98834,0.55263,0.98834,0.92401,0.97919,0.06113,0.07684,"[[42,34],[4,339]]",-0.01986,0.12804,0.82215,0.72587,
experiment_2,Exp 2,15,42,front=2067;side=2067,front=431;side=431,front=419;side=419,0.0001,0.0001,0.3,4,0.0,"[3.1036036036036037,0.5960207612456747]",1.0,10,0.2,ReduceLROnPlateau,0.5,2,5,val_macro_f1,17,0.0001,0.0001,0.3,4,0.0,"[3.1036036036036037,0.5960207612456747]",1.0,10,0.2,ReduceLROnPlateau,0.5,2,5,val_macro_f1,8,0.00414,0.34036,0.9991,0.88748,0.33622,0.11162,0.05725,0.49189,0.96582,0.86057,0.43464,0.10524,0.78267,0.8926,0.87142,0.7398,0.5,0.97959,0.9016,0.97081,0.07508,0.08615,"[[38,38],[7,336]]",0.78792,0.89021,0.84655,0.7537,0.53947,0.96793,0.88461,0.96497,0.06993,0.08914,"[[41,35],[11,332]]",0.83402,0.83402,0.60526,0.98251,0.60526,0.98251,0.90463,0.96989,0.06527,0.07758,"[[46,30],[6,337]]",0.0461,0.10843,0.87403,0.78529,
experiment_3,Exp 3,15,42,front=2067;side=2067,front=431;side=431,front=419;side=419,5e-05,0.0001,0.3,2,0.0,"[3.1036036036036037,0.5960207612456747]",1.0,10,0.2,ReduceLROnPlateau,0.5,2,5,val_macro_f1,8,5e-05,0.0001,0.3,2,0.0,"[3.1036036036036037,0.5960207612456747]",1.0,10,0.2,ReduceLROnPlateau,0.5,2,5,val_macro_f1,4,0.0403,0.36799,0.98037,0.84723,0.32769,0.13314,0.08831,0.45749,0.95571,0.79949,0.36919,0.15622,0.75341,0.88067,0.84906,0.71202,0.44737,0.97668,0.90674,0.97443,0.05571,0.0856,"[[34,42],[8,335]]",0.81679,0.90215,0.86207,0.7866,0.60526,0.96793,0.89796,0.97097,0.02816,0.0786,"[[46,30],[11,332]]",0.82372,0.82372,0.56579,0.98834,0.56579,0.98834,0.91399,0.97534,0.04809,0.07273,"[[43,33],[4,339]]",0.00693,0.14468,0.82336,0.7851,
experiment_4,Exp 4,15,42,front=2067;side=2067,front=431;side=431,front=419;side=419,5e-05,0.0005,0.5,4,0.0,"[3.1036036036036037,0.5960207612456747]",1.0,15,0.3,ReduceLROnPlateau,0.5,2,5,val_macro_f1,6,5e-05,0.0005,0.5,4,0.0,"[3.1036036036036037,0.5960207612456747]",1.0,15,0.3,ReduceLROnPlateau,0.5,2,5,val_macro_f1,16,0.10332,0.38008,0.94402,0.80977,0.27675,0.13425,0.02059,0.38548,0.9937,0.83752,0.36489,0.15619,0.82133,0.90692,0.88218,0.78439,0.59211,0.97668,0.91595,0.97722,0.03527,0.0744,"[[45,31],[8,335]]",0.8121,0.88783,0.81053,0.8137,0.69737,0.93003,0.88215,0.96476,0.05509,0.08814,"[[53,23],[24,319]]",0.85253,0.85253,0.68421,0.97085,0.68421,0.97085,0.92389,0.97905,0.04259,0.06783,"[[52,24],[10,333]]",0.0312,0.14522,0.82364,0.81672,
experiment_5,Exp 5,15,42,front=2067;side=2067,front=431;side=431,front=419;side=419,1e-05,0.0005,0.5,4,0.0,"[3.1036036036036037,0.5960207612456747]",1.0,15,0.3,ReduceLROnPlateau,0.5,2,5,val_macro_f1,27,1e-05,0.0005,0.5,4,0.0,"[3.1036036036036037,0.5960207612456747]",1.0,15,0.3,ReduceLROnPlateau,0.5,2,5,val_macro_f1,4,0.28985,0.44583,0.83815,0.77469,0.15598,0.06346,0.69227,0.62544,0.56073,0.58956,-0.06682,-0.02883,0.78785,0.86158,0.76746,0.81815,0.75,0.8863,0.89301,0.96653,0.16189,0.11723,"[[57,19],[39,304]]",0.54586,0.70883,0.54396,0.55073,0.30263,0.79883,0.61719,0.88183,0.2445,0.20569,"[[23,53],[69,274]]",0.79023,0.79023,0.67105,0.91837,0.67105,0.91837,0.88837,0.95848,0.23716,0.14552,"[[51,25],[28,315]]",0.00238,0.04615,0.68212,0.66685,
experiment_6,Exp 6,15,42,front=2067;side=2067,front=431;side=431,front=419;side=419,1e-05,0.001,0.6,5,0.0,"[3.1036036036036037,0.5960207612456747]",1.0,20,0.4,ReduceLROnPlateau,0.5,2,5,val_macro_f1,4,1e-05,0.001,0.6,5,0.0,"[3.1036036036036037,0.5960207612456747]",1.0,20,0.4,ReduceLROnPlateau,0.5,2,5,val_macro_f1,11,0.74781,0.64118,0.52106,0.63648,-0.10662,-0.11541,0.6781,0.60829,0.53961,0.62099,-0.0698,-0.08138,0.55558,0.74702,0.55851,0.55357,0.25,0.85714,0.65084,0.88648,0.22581,0.19422,"[[19,57],[49,294]]",0.57932,0.72315,0.57475,0.59021,0.38158,0.79883,0.65229,0.89414,0.24474,0.19943,"[[29,47],[69,274]]",0.60963,0.60963,0.31579,0.88921,0.31579,0.88921,0.70619,0.89716,0.23299,0.19265,"[[24,52],[38,305]]",0.03031,0.09839,0.62874,0.56745,
experiment_7,Exp 7,15,42,front=2067;side=2067,front=431;side=431,front=419;side=419,1e-05,0.01,0.6,5,0.1,"[5.15,1.0]",1.0,20,0.4,ReduceLROnPlateau,0.5,2,5,val_macro_f1,3,1e-05,0.01,0.6,3,0.1,"[5.15,1.0]",1.0,20,0.4,ReduceLROnPlateau,0.5,2,5,val_macro_f1,6,0.86859,0.75351,0.49662,0.59678,-0.11508,-0.10016,0.79568,0.73892,0.50386,0.55419,-0.05676,-0.05033,0.55968,0.72792,0.5578,0.56239,0.30263,0.82216,0.61593,0.8726,0.24486,0.20643,"[[23,53],[61,282]]",0.51949,0.60621,0.54035,0.56487,0.5,0.62974,0.59843,0.87344,0.28981,0.23083,"[[38,38],[127,216]]",0.59192,0.59192,0.40789,0.80175,0.40789,0.80175,0.65859,0.87439,0.26734,0.2145,"[[31,45],[68,275]]",0.03224,0.07525,0.57549,0.53958,
experiment_8,Exp 8,15,42,front=2067;side=2067,front=431;side=431,front=419;side=419,5e-05,0.0005,0.5,4,0.1,"[2.5,1.0]",1.0,20,0.4,ReduceLROnPlateau,0.5,2,5,val_macro_f1,6,2e-05,0.0005,0.5,3,0.1,"[2.5,1.0]",1.0,20,0.4,ReduceLROnPlateau,0.5,2,5,val_macro_f1,14,0.39139,0.48841,0.91425,0.81451,0.09702,0.09973,0.36758,0.50762,0.93404,0.81547,0.14004,0.11857,0.85931,0.92124,0.88431,0.83923,0.71053,0.96793,0.94395,0.98482,0.13342,0.08109,"[[54,22],[11,332]]",0.78012,0.86874,0.77871,0.78155,0.64474,0.91837,0.85944,0.95059,0.12957,0.11099,"[[49,27],[28,315]]",0.87074,0.87074,0.75,0.96501,0.75,0.96501,0.93532,0.98248,0.15563,0.08617,"[[57,19],[12,331]]",0.01143,0.10915,0.81499,0.81971,
experiment_9,Exp 9,30,42,front=1084;side=1084,front=225;side=225,front=220;side=220,5e-05,0.0005,0.5,4,0.1,"[2.5,1.0]",1.0,20,0.4,ReduceLROnPlateau,0.5,2,5,val_macro_f1,13,2e-05,0.0005,0.5,3,0.1,"[2.5,1.0]",1.0,20,0.4,ReduceLROnPlateau,0.5,2,5,val_macro_f1,4,0.38752,0.53979,0.92316,0.78603,0.15227,0.13713,0.64996,0.6467,0.60526,0.69447,-0.00327,-0.08922,0.8213,0.9,0.84472,0.80278,0.65,0.95556,0.93014,0.98268,0.13656,0.09114,"[[26,14],[8,172]]",0.57174,0.76818,0.58193,0.56667,0.25,0.88333,0.66694,0.90324,0.21316,0.18523,"[[10,30],[21,159]]",0.7861,0.7861,0.525,0.97222,0.525,0.97222,0.91736,0.97641,0.20309,0.12405,"[[21,19],[5,175]]",-0.0352,0.11317,0.74025,0.69652,
experiment_10,Exp 11 Awal,30,42,front=1084;side=1084,front=225;side=225,front=220;side=220,3e-05,0.002,0.5,5,0.12,"[2.5,1.0]",1.0,45,0.6,ReduceLROnPlateau,0.5,1,4,val_macro_f1,25,2e-05,0.002,0.5,4,0.12,"[2.5,1.0]",1.0,45,0.6,ReduceLROnPlateau,0.5,1,3,val_macro_f1,9,0.5571,0.62627,0.75542,0.72688,0.06918,0.02854,0.6473,0.65537,0.64533,0.69447,0.00808,-0.04915,0.74014,0.84091,0.73387,0.74722,0.6,0.89444,0.88819,0.97227,0.16893,0.12262,"[[24,16],[19,161]]",0.63333,0.78182,0.63333,0.63333,0.4,0.86667,0.70681,0.91073,0.23197,0.18149,"[[16,24],[24,156]]",0.76694,0.76694,0.575,0.93333,0.575,0.93333,0.87472,0.966,0.21822,0.14369,"[[23,17],[12,168]]",0.0268,0.03884,0.71067,0.68673,
experiment_11,Exp 12,30,42,front=1084;side=1084,front=225;side=225,front=220;side=220,3e-05,0.002,0.5,5,0.12,"[2.5,1.0]",1.0,45,0.8,ReduceLROnPlateau,0.5,1,3,val_macro_f1,21,2e-05,0.002,0.3,4,0.12,"[2.5,1.0]",1.0,45,0.8,ReduceLROnPlateau,0.5,1,7,val_macro_f1,14,0.57462,0.62899,0.74123,0.72222,0.05437,0.01901,0.64252,0.64884,0.65715,0.70735,0.00631,-0.0502,0.73985,0.83636,0.72864,0.75417,0.625,0.88333,0.88264,0.96995,0.1833,0.12541,"[[25,15],[21,159]]",0.62625,0.8,0.64561,0.61528,0.325,0.90556,0.69694,0.90501,0.21126,0.17449,"[[13,27],[17,163]]",0.76142,0.76142,0.575,0.92778,0.575,0.92778,0.86625,0.96173,0.20229,0.14237,"[[23,17],[13,167]]",0.02157,0.0346,0.71479,0.68305,
experiment_12,Exp 13 Lama,30,42,front=1084;side=1084,front=225;side=225,front=220;side=220,3e-05,0.01,0.5,5,0.12,"[2.5,1.0]",1.0,45,0.8,ReduceLROnPlateau,0.5,1,3,val_macro_f1,21,2e-05,0.01,0.3,4,0.12,"[2.5,1.0]",1.0,45,0.8,ReduceLROnPlateau,0.5,1,7,val_macro_f1,14,0.57461,0.62905,0.74123,0.71762,0.05443,0.02361,0.64253,0.64886,0.65715,0.70735,0.00633,-0.0502,0.73985,0.83636,0.72864,0.75417,0.625,0.88333,0.88236,0.96986,0.18342,0.12546,"[[25,15],[21,159]]",0.62625,0.8,0.64561,0.61528,0.325,0.90556,0.69694,0.90501,0.21131,0.1745,"[[13,27],[17,163]]",0.76142,0.76142,0.575,0.92778,0.575,0.92778,0.86681,0.96199,0.20238,0.1424,"[[23,17],[13,167]]",0.02157,0.03691,0.71249,0.68305,
experiment_13,Exp 13 Baru,30,42,front=1084;side=1084,front=225;side=225,front=220;side=220,3e-05,0.002,0.5,5,0.0,"[2.5,1.0]",1.0,45,0.8,ReduceLROnPlateau,0.5,1,3,val_macro_f1,19,2e-05,0.002,0.3,4,0.0,"[2.5,1.0]",1.0,45,0.8,ReduceLROnPlateau,0.5,1,7,val_macro_f1,11,0.30715,0.4703,0.83188,0.75562,0.16316,0.07625,0.50153,0.56022,0.66754,0.75,0.05869,-0.08246,0.77399,0.85909,0.76286,0.7875,0.675,0.9,0.91625,0.97993,0.10372,0.09547,"[[27,13],[18,162]]",0.62023,0.81364,0.66553,0.60417,0.275,0.93333,0.69222,0.90247,0.18263,0.16537,"[[11,29],[12,168]]",0.78412,0.78412,0.575,0.95,0.575,0.95,0.89819,0.97231,0.16611,0.11552,"[[23,17],[9,171]]",0.01013,0.07936,0.75281,0.69711,
experiment_14,Exp 14A Revisi / Final v1,30,42,front=1084;side=1084,front=225;side=225,front=220;side=220,3e-05,0.0003,0.4,5,0.0,"[2.5,1.0]",1.0,68,1.2,ReduceLROnPlateau,0.5,1,4,val_macro_f1,9,2e-05,0.002,0.3,4,0.0,"[2.5,1.0]",1.0,45,0.8,ReduceLROnPlateau,0.5,1,7,val_macro_f1,11,0.47353,0.51736,0.69929,0.72581,0.04383,-0.02652,0.50153,0.56022,0.66754,0.75,0.05869,-0.08246,0.76626,0.86364,0.77183,0.76111,0.6,0.92222,0.88014,0.97075,0.12513,0.11311,"[[24,16],[14,166]]",0.62023,0.81364,0.66553,0.60417,0.275,0.93333,0.69222,0.90247,0.18263,0.16537,"[[11,29],[12,168]]",0.78059,0.78059,0.5,0.97778,0.5,0.97778,0.86556,0.96293,0.19662,0.1298,"[[20,20],[4,176]]",0.01433,0.05449,0.73791,0.69325,
experiment_15,Exp 19 Final Valid,30,42,front=1084;side=1084,front=225;side=225,front=220;side=220,3e-05,0.0003,0.4,5,0.0,"[2.5,1.0]",1.0,68,1.2,ReduceLROnPlateau,0.5,1,4,val_macro_f1,9,3e-05,0.0001,0.3,4,0.0,"[1.7548633720450872,0.7726035850029893]",0.5,45,0.8,ReduceLROnPlateau,0.5,1,5,val_macro_f1,8,0.47353,0.51736,0.69929,0.72581,0.04383,-0.02652,0.45549,0.50143,0.70212,0.74014,0.04595,-0.03802,0.76626,0.86364,0.77183,0.76111,0.6,0.92222,0.88014,0.97075,0.12513,0.11311,"[[24,16],[14,166]]",0.64349,0.81818,0.68041,0.62639,0.325,0.92778,0.76181,0.93084,0.14672,0.14224,"[[13,27],[13,167]]",0.77992,0.77992,0.525,0.96667,0.525,0.96667,0.86986,0.96449,0.16435,0.11971,"[[21,19],[6,174]]",0.01366,0.03227,0.73297,0.70488,
experiment_16,Exp 21B,20,42,front=1576;side=1576,front=328;side=328,front=322;side=322,3e-05,0.0005,0.4,5,0.0,"[2.5,1.0]",1.0,68,1.2,ReduceLROnPlateau,0.5,1,4,val_macro_f1,6,2e-05,0.0005,0.3,4,0.0,"[2.5,1.0]",1.0,45,0.8,ReduceLROnPlateau,0.5,2,6,val_loss,28,0.44548,0.51152,0.73751,0.71443,0.06605,0.02308,0.27267,0.3987,0.84743,0.73807,0.12603,0.10936,0.78797,0.86335,0.77094,0.81117,0.72881,0.89354,0.86731,0.94293,0.15551,0.12104,"[[43,16],[28,235]]",0.75905,0.84472,0.74384,0.78005,0.67797,0.88213,0.83148,0.93788,0.11827,0.12189,"[[40,19],[31,232]]",0.78589,0.78589,0.64407,0.92395,0.64407,0.92395,0.88013,0.96387,0.13519,0.10988,"[[38,21],[20,243]]",-0.00208,0.06622,0.72625,0.77351,
experiment_17,Exp 21C,20,42,front=1576;side=1576,front=328;side=328,front=322;side=322,3e-05,0.0005,0.4,5,0.0,"[2.5,1.0]",1.0,68,1.2,ReduceLROnPlateau,0.5,1,4,val_macro_f1,6,2e-05,0.0005,0.3,4,0.0,"[2.5,1.0]",1.0,45,0.8,ReduceLROnPlateau,0.5,2,6,val_loss,28,0.44548,0.51152,0.73751,0.71443,0.06605,0.02308,0.27267,0.3987,0.84743,0.73807,0.12603,0.10936,0.78797,0.86335,0.77094,0.81117,0.72881,0.89354,0.86731,0.94293,0.15551,0.12104,"[[43,16],[28,235]]",0.75905,0.84472,0.74384,0.78005,0.67797,0.88213,0.83148,0.93788,0.11827,0.12189,"[[40,19],[31,232]]",0.78589,0.78589,0.64407,0.92395,0.64407,0.92395,0.88013,0.96387,0.13519,0.10988,"[[38,21],[20,243]]",-0.00208,0.06622,0.72625,0.77351,
experiment_18,Exp 21D,30,42,front=1084;side=1084,front=225;side=225,front=220;side=220,3e-05,0.0005,0.4,5,0.0,"[2.5,1.0]",1.0,68,1.2,ReduceLROnPlateau,0.5,1,4,val_macro_f1,9,2e-05,0.001,0.4,4,0.0,"[2.5,1.0]",1.0,45,0.8,ReduceLROnPlateau,0.5,2,5,val_loss,26,0.47353,0.51736,0.69929,0.72581,0.04383,-0.02652,0.3948,0.50217,0.79013,0.68238,0.10738,0.10775,0.76626,0.86364,0.77183,0.76111,0.6,0.92222,0.88014,0.97075,0.12513,0.11311,"[[24,16],[14,166]]",0.67468,0.80455,0.67305,0.67639,0.475,0.87778,0.75444,0.92515,0.16761,0.15333,"[[19,21],[22,158]]",0.81113,0.81113,0.625,0.95556,0.625,0.95556,0.86292,0.96236,0.17916,0.12341,"[[25,15],[8,172]]",0.04487,0.06714,0.70409,0.72047,
experiment_19,Exp 21E / Final v2,30,42,front=1084;side=1084,front=225;side=225,front=220;side=220,3e-05,0.0005,0.4,5,0.0,"[2.5,1.0]",1.0,68,1.2,ReduceLROnPlateau,0.5,1,4,val_macro_f1,9,2e-05,0.001,0.3,4,0.0,"[2.5,1.0]",1.0,45,0.8,ReduceLROnPlateau,0.5,2,6,val_loss,26,0.47353,0.51736,0.69929,0.72581,0.04383,-0.02652,0.38293,0.49763,0.78942,0.68238,0.1147,0.10703,0.76626,0.86364,0.77183,0.76111,0.6,0.92222,0.88014,0.97075,0.12513,0.11311,"[[24,16],[14,166]]",0.68372,0.81364,0.68558,0.68194,0.475,0.88889,0.7625,0.92732,0.16553,0.15004,"[[19,21],[20,160]]",0.79471,0.79471,0.6,0.95,0.6,0.95,0.86306,0.96256,0.16697,0.12193,"[[24,16],[9,171]]",0.02845,0.06678,0.70409,0.72499,
